PDB,Family,L_i_article,S_ID5_article,S_ID3_article,Strand_article,Source,Junction_ID,L_i,S_ID5,S_ID3,Strand,Match
1EFW,cL,2,6,11,GGUAGU,Laing_2009,6,2,C.G6,C.U11,GGUAGU,Match
1EFW,cL,2,6,11,GGUAGU,Laing_2009,6,2,D.G6,D.U11,GGUAGU,Match
1EFW,cL,1,24,28,AUACC,Laing_2009,6,1,C.A24,C.C28,AUACC,Match
1EFW,cL,1,24,28,AUACC,Laing_2009,6,1,D.A24,D.C28,AUACC,Match
1EFW,cL,5,42,50,GGGGGUCGC,Laing_2009,6,5,C.G42,C.C50,GGGGGUCGC,Match
1EFW,cL,5,42,50,GGGGGUCGC,Laing_2009,6,5,D.G42,D.C50,GGGGGUCGC,Match
1EFW,cL,0,64,67,GUCC,Laing_2009,6,0,C.G64,C.C67,GUCC,Match
1EFW,cL,0,64,67,GUCC,Laing_2009,6,0,D.G64,D.C67,GUCC,Match
1EHZ,cL,2,6,11,UUUAGC,Laing_2009,6,2,A.U6,A.C11,UUUAGC,Match
1EHZ,cL,1,24,28,GCGCC,Laing_2009,6,1,A.G24,A.C28,GCGCC,Match
1EHZ,cL,5,42,50,GGAGGUCCU,Laing_2009,6,5,A.G42,A.U50,GGAGGUCCU,Match
1EHZ,cL,0,64,67,AGAA,Laing_2009,6,0,A.A64,A.A67,AGAA,Match
1KH6,cH,2,4,9,GGAACC,Laing_2009,4,2,A.G4,A.C9,GGAACC,Match
1KH6,cH,0,22,25,GGAA,Laing_2009,4,0,A.G22,A.A25,GGAA,Match
1KH6,cH,1,36,40,UUUGG,Laing_2009,4,1,A.5BU36,A.G40,UUUGG,Match
1KH6,cH,0,47,50,CCCC,Laing_2009,4,0,A.C47,A.C50,CCCC,Match
1N78,cL,2,506,511,CAUCGU,Laing_2009,506,2,C.C506,C.U511,CAUCGU,Match
1N78,cL,2,506,511,CAUCGU,Laing_2009,506,2,D.C506,D.U511,CAUCGU,Match
1N78,cL,1,524,528,ACGCG,Laing_2009,506,1,C.A524,C.G528,ACGCG,Match
1N78,cL,1,524,528,ACGCG,Laing_2009,506,1,D.A524,D.G528,ACGCG,Match
1N78,cL,4,542,550,CGAAACGG,Laing_2009,506,4,C.C542,C.G550,CGAAACGG,Match
1N78,cL,4,542,550,CGAAACGG,Laing_2009,506,4,D.C542,D.G550,CGAAACGG,Match
1N78,cL,0,564,567,CCUG,Laing_2009,506,0,C.C564,C.G567,CCUG,Match
1N78,cL,0,564,567,CCUG,Laing_2009,506,0,D.C564,D.G567,CCUG,Match
1NKW,cL,5,1282,1290,ACGAUAAAA,Laing_2009,1282,5,0.A1282,0.A1290,ACGAUAAAA,Match
1NKW,cL,0,1306,1309,UUCG,Laing_2009,1282,0,0.U1306,0.G1309,UUCG,Match
1NKW,cL,2,1661,1666,CGCGCG,Laing_2009,1282,2,0.C1661,0.G1666,CGCGCG,Match
1NKW,cL,0,1991,1994,CGGU,Laing_2009,1282,0,0.C1991,0.U1994,CGGU,Match
1NKW,cK,1,1360,1364,GGACC,Laing_2009,1360,1,0.G1360,0.C1364,GGACC,Match
1NKW,cK,3,1393,1399,GGACAGC,Laing_2009,1360,3,0.G1393,0.C1399,GGACAGC,Match
1NKW,cK,4,1414,1421,GCACCGAU,Laing_2009,1360,2,0.G1414,0.G1419,GCACCG,Match
1NKW,cK,2,1610,1615,AUUGCC,Laing_2009,1360,0,0.U1612,0.C1615,UGCC,Match
1NKW,cH,1,1457,1461,AAUGC,Laing_2009,1457,1,0.A1457,0.C1461,AAUGC,Match
1NKW,cH,3,1480,1486,GUUGGUA,Laing_2009,1457,1,0.G1480,0.G1484,GUUGG,Match
1NKW,cH,6,1537,1546,UAUCGGGAGC,Laing_2009,1457,5,0.A1538,0.C1546,AUCGGGAGC,Match
1NKW,cH,4,1557,1564,GCGAAGUU,Laing_2009,1457,4,0.G1557,0.U1564,GCGAAGUU,Match
1NKW,ψ,1,1824,1828,CCUGC,Laing_2009,1824,1,0.C1824,0.C1828,CCUGC,Match
1NKW,ψ,2,1887,1892,GCGGCC,Laing_2009,1824,0,0.G1887,0.G1890,GCGG,Match
1NKW,ψ,22,1904,1929,GGUCCUAAGGUAGCGAAAUUCCUUGU,Laing_2009,1824,8,0.U1906,0.C1917,UCCUAAGGUAGC,Match
1NKW,ψ,10,1943,1956,ACCUGCACGAAAGG,Laing_2009,1824,4,0.A1949,0.G1956,ACGAAAGG,Match
1NKW,cK,4,2263,2270,CCAAAGGU,Laing_2009,2263,4,0.C2263,0.U2270,CCAAAGGU,Match
1NKW,cK,4,2320,2327,GCUUGACU,Laing_2009,2263,4,0.G2320,0.U2327,GCUUGACU,Match
1NKW,cK,1,2348,2352,AGGGA,Laing_2009,2263,1,0.A2348,0.A2352,AGGGA,Match
1NKW,cK,1,2359,2363,UCGGG,Laing_2009,2263,1,0.U2359,0.G2363,UCGGG,Match
1NKW,ψ,6,411,420,CUGAAUCCGC,Laing_2009,244,6,0.C411,0.C420,CUGAAUCCGC,Match
1NKW,ψ,2,433,438,GCAAGG,Laing_2009,244,2,0.G433,0.G438,GCAAGG,Match
1NKW,cH,2,2621,2626,GGAGUU,Laing_2009,2621,2,0.G2621,0.U2626,GGAGUU,Match
1NKW,cH,1,2652,2656,GAACG,Laing_2009,2621,1,0.G2652,0.G2656,GAACG,Match
1NKW,cH,4,2710,2717,CGGAACGG,Laing_2009,2621,4,0.C2710,0.G2717,CGGAACGG,Match
1NKW,cH,2,2747,2752,CCAGCC,Laing_2009,2621,2,0.C2747,0.C2752,CCAGCC,Match
1NKW,X,10,608,621,GUGCGAGCUUAAGU,Laing_2009,610,2,0.G610,0.C615,GCGAGC,Match
1NKW,X,9,628,640,ACGGAGGCGGAGC,Laing_2009,610,3,0.G634,0.C640,GCGGAGC,Match
1QRS,cL,2,6,11,UAUCGC,Laing_2009,6,2,B.U6,B.C11,UAUCGC,Match
1QRS,cL,1,24,28,GCACC,Laing_2009,6,1,B.G24,B.C28,GCACC,Match
1QRS,cL,5,42,50,GGCAUUCCG,Laing_2009,6,5,B.G42,B.G50,GGCAUUCCG,Match
1QRS,cL,0,64,67,CGUA,Laing_2009,6,0,B.C64,B.A67,CGUA,Match
1S72,cL,7,1373,1383,GCAGCGAUAGU,Laing_2009,1373,7,0.G1373,0.U1383,GCAGCGAUAGU,Match
1S72,cL,0,1399,1402,ACGG,Laing_2009,1373,0,0.A1399,0.G1402,ACGG,Match
1S72,cL,3,1720,1726,CCUGUCG,Laing_2009,1373,3,0.C1720,0.G1726,CCUGUCG,Match
1S72,cL,0,2049,2052,CGGU,Laing_2009,1373,0,0.C2049,0.U2052,CGGU,Match
1S72,cK,1,1452,1456,GGUCC,Laing_2009,1452,1,0.G1452,0.C1456,GGUCC,Match
1S72,cK,3,1489,1495,GGGAAAC,Laing_2009,1452,3,0.G1489,0.C1495,GGGAAAC,Match
1S72,cK,2,1510,1515,GUGCCA,Laing_2009,1452,2,0.G1510,0.A1515,GUGCCA,Match
1S72,cK,1,1671,1675,UGUCC,Laing_2009,1452,1,0.U1671,0.C1675,UGUCC,Match
1S72,H,3,1827,1833,GGACUGU,Laing_2009,1827,3,0.G1827,0.U1833,GGACUGU,Match
1S72,H,3,1843,1849,ACAUAGG,Laing_2009,1827,3,0.A1843,0.G1849,ACAUAGG,Match
1S72,H,3,1882,1888,CUGAAUC,Laing_2009,1827,3,0.C1882,0.C1888,CUGAAUC,Match
1S72,H,4,2014,2021,GAUUAACC,Laing_2009,1827,4,0.G2014,0.C2021,GAUUAACC,Match
1S72,ψ,1,1888,1892,CCUGC,Laing_2009,1888,1,0.C1888,0.C1892,CCUGC,Match
1S72,ψ,0,1945,1948,GCGG,Laing_2009,1888,0,0.G1945,0.G1948,GCGG,Match
1S72,ψ,20,1964,1987,UCUUAAGGUAGCGUAGUACCUUGC,Laing_2009,1888,8,0.U1964,0.C1975,UCUUAAGGUAGC,Match
1S72,ψ,10,2001,2014,GCUUGCAUGAAUGG,Laing_2009,1888,4,0.A2007,0.G2014,AUGAAUGG,Match
1S72,cK,3,2318,2324,CCUAUGG,Laing_2009,2318,3,0.C2318,0.G2324,CCUAUGG,Match
1S72,cK,3,2376,2382,CUUGACA,Laing_2009,2318,3,0.C2376,0.A2382,CUUGACA,Match
1S72,cK,1,2406,2410,UGACG,Laing_2009,2318,1,0.U2406,0.G2410,UGACG,Match
1S72,cK,1,2417,2421,CGUGG,Laing_2009,2318,1,0.C2417,0.G2421,CGUGG,Match
1S72,cH,2,2678,2683,AGAACG,Laing_2009,2678,2,0.A2678,0.G2683,AGAACG,Match
1S72,cH,0,2711,2714,UGGU,Laing_2009,2678,0,0.U2711,0.U2714,UGGU,Match
1S72,cH,2,2766,2771,ACACGG,Laing_2009,2678,2,0.A2766,0.G2771,ACACGG,Match
1S72,cH,1,2803,2807,CCACU,Laing_2009,2678,1,0.C2803,0.U2807,CCACU,Match
1U0B,cL,2,6,11,GUUAAC,Laing_2009,6,2,A.G6,A.C11,GUUAAC,Match
1U0B,cL,1,24,28,GUAGC,Laing_2009,6,1,A.G24,A.C28,GUAGC,Match
1U0B,cL,4,42,50,GUCUAGUC,Laing_2009,6,4,A.G42,A.C50,GUCUAGUC,Match
1U0B,cL,0,64,67,GAAC,Laing_2009,6,0,A.G64,A.C67,GAAC,Match
1U9S,π,12,118,133,CCACAGAGAAGAGACC,Laing_2009,118,12,A.C118,A.C133,CCACAGAGAAGAGACC,Match
1U9S,π,7,167,177,GGGUGAAACGG,Laing_2009,118,7,A.G167,A.G177,GGGUGAAACGG,Match
1U9S,π,1,193,197,CCGCC,Laing_2009,118,0,A.C193,A.C196,CCGC,Match
1U9S,π,4,216,223,GGGCACGG,Laing_2009,118,2,A.G218,A.G223,GCACGG,Match
2A64,H,0,90,93,UGCC,Laing_2009,90,0,A.U90,A.C93,UGCC,Match
2A64,H,1,112,116,GGGCA,Laing_2009,90,1,A.G112,A.A116,GGGCA,Match
2A64,H,2,135,140,UGACGG,Laing_2009,90,2,A.U135,A.G140,UGACGG,Match
2A64,H,0,243,246,CCCA,Laing_2009,90,0,A.C243,A.A246,CCCA,Match
2AVY,cK,6,114,123,UGAGUAAUGU,Laing_2009,114,6,A.U114,A.U123,UGAGUAAUGU,Match
2AVY,cK,0,238,241,AUGG,Laing_2009,114,0,A.A238,A.G241,AUGG,Match
2AVY,cK,2,285,290,CCUAGC,Laing_2009,114,2,A.C285,A.C290,CCUAGC,Match
2AVY,cK,0,310,313,GCCA,Laing_2009,114,0,A.G310,A.A313,GCCA,Match
2AVY,cH,3,141,147,GGAGG,Laing_2009,141,1,A.G141,A.G145,GGAGG,Match
2AVY,cH,4,192,199,ACCAAAGA,Laing_2009,141,4,A.A192,A.A199,ACCAAAGA,Match
2AVY,cH,1,218,222,UUGCC,Laing_2009,141,1,A.U218,A.C222,UUGCC,Match
2AVY,cK,7,18,28,CAUGGCUCAGA,Laing_2009,18,7,A.C18,A.A28,CAUGGCUCAGA,Match
2AVY,cK,10,555,568,UCGGAAUUACUGGG,Laing_2009,18,10,A.U555,A.G568,UCGGAAUUACUGGG,Match
2AVY,cK,1,882,886,CCUGG,Laing_2009,18,1,A.C882,A.G886,CCUGG,Match
2AVY,cK,3,911,917,UCAAAUG,Laing_2009,18,3,A.U911,A.G917,UCAAAUG,Match
2AVY,cL,7,568,578,GCGUAAAGCGC,Laing_2009,574,1,A.A574,A.C578,AGCGC,Match
2AVY,cL,4,763,770,GCGAAAGC,Laing_2009,574,4,A.G763,A.C770,GCGAAAGC,Match
2AVY,cL,10,809,822,GCCGUAAACGAUGU,Laing_2009,574,10,A.G809,A.U822,GCCGUAAACGAUGU,Match
2AVY,cL,1,878,882,ACCGC,Laing_2009,574,0,A.A878,A.G881,ACCG,Match
2AVY,cX,2,942,947,GUGGAG,Laing_2009,942,2,A.G942,A.G947,GUGGAG,Match
2AVY,cX,5,1234,1242,CUACAAUGG,Laing_2009,942,1,A.C1234,A.A1238,CUACA,Match
2AVY,cX,5,1234,1242,CUACAAUGG,Laing_2009,1236,3,A.A1236,A.G1242,ACAAUGG,Match
2AVY,cX,11,1295,1309,UCGUAGUCCGGAUUG,Laing_2009,1236,6,A.U1295,A.G1304,UCGUAGUCCG,Match
2AVY,cX,10,1328,1341,CAUGAAGUCGGAAU,Laing_2009,942,2,A.C1336,A.U1341,CGGAAU,Match
2AVY,cX,10,1328,1341,CAUGAAGUCGGAAU,Laing_2009,1236,2,A.A1333,A.G1338,AGUCGG,Match
2AW4,cL,5,1269,1277,ACGAUAAAG,Laing_2009,1269,5,B.A1269,B.G1277,ACGAUAAAG,Match
2AW4,cL,0,1293,1296,CUCG,Laing_2009,1269,0,B.C1293,B.G1296,CUCG,Match
2AW4,cL,2,1644,1649,CGCUUG,Laing_2009,1269,2,B.C1644,B.G1649,CGCUUG,Match
2AW4,cL,0,2008,2011,CAGU,Laing_2009,1269,0,B.C2008,B.U2011,CAGU,Match
2AW4,cK,2,1346,1351,GACCCC,Laing_2009,1346,2,B.G1346,B.C1351,GACCCC,Match
2AW4,cK,3,1380,1386,GGGAAAC,Laing_2009,1346,3,B.G1380,B.C1386,GGGAAAC,Match
2AW4,cK,2,1401,1406,GUACUU,Laing_2009,1346,2,B.G1401,B.U1406,GUACUU,Match
2AW4,cK,1,1596,1600,AAAUC,Laing_2009,1346,1,B.A1596,B.C1600,AAAUC,Match
2AW4,H,3,1771,1777,CAACUGU,Laing_2009,1771,3,B.C1771,B.U1777,CAACUGU,Match
2AW4,H,3,1787,1793,ACACAGC,Laing_2009,1771,3,B.A1787,B.C1793,ACACAGC,Match
2AW4,H,2,1826,1831,GUGACG,Laing_2009,1771,2,B.G1826,B.G1831,GUGACG,Match
2AW4,H,3,1974,1980,CGUAAUG,Laing_2009,1771,3,B.C1974,B.G1980,CGUAAUG,Match
2AW4,ψ,1,1832,1836,CCUGC,Laing_2009,1832,1,B.C1832,B.C1836,CCUGC,Match
2AW4,ψ,0,1904,1907,GCGG,Laing_2009,1832,0,B.G1904,B.G1907,GCGG,Match
2AW4,ψ,20,1923,1946,UCCUAAGGUAGCGAAAUUCCUUGU,Laing_2009,1832,8,B.U1923,B.C1934,UCCUAAGGUAGC,Match
2AW4,ψ,10,1960,1973,ACCUGCACGAAUGG,Laing_2009,1832,4,B.A1966,B.G1973,ACGAAUGG,Match
2AW4,cK,3,2284,2290,ACGAAGG,Laing_2009,2284,3,B.A2284,B.G2290,ACGAAGG,Match
2AW4,cH,2,2642,2647,GGGGCU,Laing_2009,2642,2,B.G2642,B.U2647,GGGGCU,Match
2AW4,cH,1,2673,2677,GGACG,Laing_2009,2642,1,B.G2673,B.G2677,GGACG,Match
2AW4,cH,3,2730,2736,CGGAAGA,Laing_2009,2642,3,B.C2730,B.A2736,CGGAAGA,Match
2AW4,cH,1,2768,2772,UUGCC,Laing_2009,2642,1,B.U2768,B.C2772,UUGCC,Match
2AW4,ψ,2,267,272,CCCAGA,Laing_2009,267,0,B.C267,B.A270,CCCA,Match
2AW4,ψ,8,365,376,UCGAUGAGUAGG,Laing_2009,267,4,B.U369,B.G376,UGAGUAGG,Match
2AW4,ψ,6,398,407,CUGAAUAUGG,Laing_2009,267,6,B.C398,B.G407,CUGAAUAUGG,Match
2AW4,X,2,600,605,GCAAGG,Laing_2009,600,2,B.G600,B.G605,GCAAGG,Match
2AW4,X,3,623,629,CCGAAGG,Laing_2009,600,3,B.C623,B.G629,CCGAAGG,Match
2AW4,X,2,634,639,CCGAGU,Laing_2009,600,2,B.C634,B.U639,CCGAGU,Match
2AW4,X,5,649,657,GCGUUAAGU,Laing_2009,600,5,B.G649,B.U657,GCGUUAAGU,Match
2GIS,cL,6,7,16,UCAAGAGAGG,Laing_2009,7,4,A.U7,A.A14,UCAAGAGA,Match
2GIS,cL,1,39,43,CCCGG,Laing_2009,7,0,A.C40,A.G43,CCGG,Match
2GIS,cL,8,59,70,CCAAUUCCUGCA,Laing_2009,7,3,A.C59,A.C65,CCAAUUC,Match
2GIS,cL,3,81,87,UGAAAGA,Laing_2009,7,0,A.A84,A.A87,AAGA,Match
2IHX,cX,3,166,172,UCAUCCG,Laing_2009,166,3,B.U166,B.G172,UCAUCCG,Match
2IHX,cX,4,195,202,CGAUGACC,Laing_2009,166,4,B.C195,B.C202,CGAUGACC,Match
2IHX,cX,0,212,215,GGGG,Laing_2009,166,0,B.G212,B.G215,GGGG,Match
2IHX,cX,3,222,228,CUUAGGA,Laing_2009,166,3,B.C222,B.A228,CUUAGGA,Match
2J00,cK,6,114,123,UGAGUAACGC,Laing_2009,114,6,A.U114,A.C123,UGAGUAACGC,Match
2J00,cK,0,238,241,GUCC,Laing_2009,114,0,A.G238,A.C241,GUCC,Match
2J00,cK,2,285,290,GGUAGC,Laing_2009,114,2,A.G285,A.C290,GGUAGC,Match
2J00,cK,0,310,313,GCCA,Laing_2009,114,0,A.G310,A.A313,GCCA,Match
2J00,cH,1,141,145,AGAGG,Laing_2009,141,1,A.A141,A.G145,AGAGG,Match
2J00,cH,4,177,184,CCAUGUGG,Laing_2009,141,4,A.C177,A.G184,CCAUGUGG,Match
2J00,cH,3,193,199,CCAAAGG,Laing_2009,141,3,A.C193,A.G199,CCAAAGG,Match
2J00,cH,1,218,222,CCGCU,Laing_2009,141,1,A.C218,A.U222,CCGCU,Match
2J00,cK,7,18,28,CCUGGCUCAGG,Laing_2009,18,7,A.C18,A.G28,CCUGGCUCAGG,Match
2J00,cK,10,555,568,CCGGAUUCACUGGG,Laing_2009,18,10,A.C555,A.G568,CCGGAUUCACUGGG,Match
2J00,cK,1,882,886,CCUGG,Laing_2009,18,1,A.C882,A.G886,CCUGG,Match
2J00,cK,3,911,917,UCAAAGG,Laing_2009,18,3,A.U911,A.G917,UCAAAGG,Match
2J00,cL,7,568,578,GCGUAAAGGGC,Laing_2009,574,1,A.A574,A.C578,AGGGC,Match
2J00,cL,4,763,770,GCGAAAGC,Laing_2009,574,4,A.G763,A.C770,GCGAAAGC,Match
2J00,cL,10,809,822,GCCCUAAACGAUGC,Laing_2009,574,10,A.G809,A.C822,GCCCUAAACGAUGC,Match
2J00,cL,1,878,882,GCCGC,Laing_2009,574,0,A.G878,A.G881,GCCG,Match
2J00,cX,4,940,947,CGGUGGAG,Laing_2009,942,2,A.G942,A.G947,GUGGAG,Match
2J00,cX,5,1234,1242,CUACAAUGC,Laing_2009,942,1,A.C1234,A.A1238,CUACA,Match
2J00,cX,5,1234,1242,CUACAAUGC,Laing_2009,1236,3,A.A1236,A.C1242,ACAAUGC,Match
2J00,cX,11,1295,1309,GCCCAGUUCGGAUUG,Laing_2009,1236,6,A.G1295,A.G1304,GCCCAGUUCG,Match
2J00,cX,12,1328,1343,CAUGAAGCCGGAAUCG,Laing_2009,942,2,A.C1336,A.U1341,CGGAAU,Match
2J00,cX,12,1328,1343,CAUGAAGCCGGAAUCG,Laing_2009,1236,2,A.A1333,A.G1338,AGCCGG,Match
2J01,cL,5,1269,1277,ACGAUAAAG,Laing_2009,1269,5,A.A1269,A.G1277,ACGAUAAAG,Match
2J01,cL,0,1293,1296,CUCG,Laing_2009,1269,0,A.C1293,A.G1296,CUCG,Match
2J01,cL,2,1644,1649,CGCGCG,Laing_2009,1269,2,A.C1644,A.G1649,CGCGCG,Match
2J01,cL,0,2008,2011,CGGU,Laing_2009,1269,0,A.C2008,A.U2011,CGGU,Match
2J01,cK,1,1347,1351,GGACC,Laing_2009,1347,1,A.G1347,A.C1351,GGACC,Match
2J01,cK,3,1380,1386,GGGCAGC,Laing_2009,1347,3,A.G1380,A.C1386,GGGCAGC,Match
2J01,cK,2,1401,1406,GCCCUU,Laing_2009,1347,2,A.G1401,A.U1406,GCCCUU,Match
2J01,cK,0,1596,1599,AACC,Laing_2009,1347,0,A.A1596,A.C1599,AACC,Match
2J01,H,3,1771,1777,CGACUGU,Laing_2009,1771,3,A.C1771,A.U1777,CGACUGU,Match
2J01,H,3,1787,1793,ACACAGC,Laing_2009,1771,3,A.A1787,A.C1793,ACACAGC,Match
2J01,H,2,1826,1831,GCGACG,Laing_2009,1771,2,A.G1826,A.G1831,GCGACG,Match
2J01,H,3,1974,1980,CGUAACG,Laing_2009,1771,3,A.C1974,A.G1980,CGUAACG,Match
2J01,ψ,1,1832,1836,CUUGC,Laing_2009,1832,1,A.C1832,A.C1836,CUUGC,Match
2J01,ψ,0,1904,1907,GCGG,Laing_2009,1832,0,A.G1904,A.G1907,GCGG,Match
2J01,ψ,20,1923,1946,UCCUAAGGUAGCGAAAUUCCUUGU,Laing_2009,1832,8,A.U1923,A.C1934,UCCUAAGGUAGC,Match
2J01,ψ,10,1960,1973,ACCUGCACGAAAAG,Laing_2009,1832,4,A.A1966,A.G1973,ACGAAAAG,Match
2J01,cK,3,2284,2290,CCAAAGG,Laing_2009,2284,3,A.C2284,A.G2290,CCAAAGG,Match
2J01,cK,3,2342,2348,CCUGACU,Laing_2009,2284,3,A.C2342,A.U2348,CCUGACU,Match
2J01,cK,1,2369,2373,AGGGG,Laing_2009,2284,1,A.A2369,A.G2373,AGGGG,Match
2J01,cK,1,2380,2384,CCGGG,Laing_2009,2284,1,A.C2380,A.G2384,CCGGG,Match
2J01,cH,2,2642,2647,GGGGCU,Laing_2009,2642,2,A.G2642,A.U2647,GGGGCU,Match
2J01,cH,1,2673,2677,GGACG,Laing_2009,2642,1,A.G2673,A.G2677,GGACG,Match
2J01,cH,3,2730,2736,CGGAAGG,Laing_2009,2642,3,A.C2730,A.G2736,CGGAAGG,Match
2J01,cH,1,2768,2772,CCGCC,Laing_2009,2642,1,A.C2768,A.C2772,CCGCC,Match
2J01,X,2,600,605,GCGAGC,Laing_2009,600,2,A.G600,A.C605,GCGAGC,Match
2J01,X,3,623,629,GCGUAGG,Laing_2009,600,3,A.G623,A.G629,GCGUAGG,Match
2J01,X,2,634,639,CCGAGU,Laing_2009,600,2,A.C634,A.U639,CCGAGU,Match
2J01,X,2,649,657,GCGCGU,Laing_2009,600,2,A.G649,A.U657,GCGCGU,Match
3F2Q,cH,0,31,34,CGGU,Laing_2009,31,0,X.C31,X.U34,CGGU,Match
3F2Q,cH,2,45,50,ACGAAA,Laing_2009,31,2,X.A45,X.A50,ACGAAA,Match
3F2Q,cH,3,59,65,UUUGAUU,Laing_2009,31,3,X.U59,X.U65,UUUGAUU,Match
3F2Q,cH,2,79,84,AAACCG,Laing_2009,31,2,X.A79,X.G84,AAACCG,Match
3F2Q,cH,6,7,16,UCGGGGCAGG,Laing_2009,7,6,X.U7,X.G16,UCGGGGCAGG,Match
3F2Q,cH,3,26,32,CCGACCG,Laing_2009,7,3,X.C26,X.G32,CCGACCG,Match
3F2Q,cH,1,83,87,CGACA,Laing_2009,7,1,X.C83,X.A87,CGACA,Match
3F2Q,cH,7,96,106,UGGAUGAGAGA,Laing_2009,7,7,X.U96,X.A106,UGGAUGAGAGA,Match
