PDB,Coaxial,Family,S_ID5_article,Strand_article,Junction_ID,L_i,S_ID5,S_ID3,Strand,Match,Source
1E8O,H1H3,C,101,GCCGGGCGCG,102,0,E.C102,E.G105,CCGG,Match,Lamiable_2012
1E8O,H1H3,C,117,CGCGCCUGUAGUCCC,102,4,E.C122,E.C129,CUGUAGUC,Match,Lamiable_2012
1E8O,H1H3,C,140,GGGAGGC,102,0,E.G142,E.G145,GAGG,Match,Lamiable_2012
1FG0,H1H2,C,2548,CCUCCAUCC,2551,2,A.C2551,A.C2556,CCAUCC,Match,Lamiable_2012
1FG0,H1H2,C,2579,GGUGAGG,2551,2,A.G2579,A.G2584,GGUGAG,Match,Lamiable_2012
1FG0,H1H2,C,2593,CCUAUUAAAGGAGG,2551,6,A.C2594,A.G2603,CUAUUAAAGG,Match,Lamiable_2012
1FG0,H2H3,A,2129,UCGCUGAG,2130,2,A.C2130,A.A2135,CGCUGA,Match,Lamiable_2012
1FG0,H2H3,A,2239,CUCUCACUC,2130,3,A.U2240,A.U2246,UCUCACU,Match,Lamiable_2012
1FG0,H2H3,A,2254,GAGGACACCGA,2130,5,A.A2255,A.G2263,AGGACACCG,Match,Lamiable_2012
1GID,H1H2,C,136,ACCAAGUC,137,2,A.C137,A.U142,CCAAGU,Match,Lamiable_2012
1GID,H1H2,C,136,ACCAAGUC,137,2,B.C137,B.U142,CCAAGU,Match,Lamiable_2012
1GID,H1H2,C,160,GAUGGCC,137,2,A.A161,A.C166,AUGGCC,Match,Lamiable_2012
1GID,H1H2,C,160,GAUGGCC,137,2,B.A161,B.C166,AUGGCC,Match,Lamiable_2012
1GID,H1H2,C,174,GGGUAUGGU,137,4,A.G174,A.G181,GGGUAUGG,Match,Lamiable_2012
1GID,H1H2,C,174,GGGUAUGGU,137,4,B.G174,B.G181,GGGUAUGG,Match,Lamiable_2012
1HC8,H1H3,C,102,CCAGGAUG,104,1,C.A104,C.U108,AGGAU,Match,Lamiable_2012
1HC8,H1H3,C,129,CAUUUAAAGAAAGC,104,8,C.A130,C.G141,AUUUAAAGAAAG,Match,Lamiable_2012
1HC8,H1H3,C,149,GCUCACUGG,104,2,C.C150,C.U155,CUCACU,Match,Lamiable_2012
1J5E,H2H3,A,584,GGCGGCCUG,585,1,A.G585,A.C589,GCGGC,Match,Lamiable_2012
1J5E,H2H3,A,647,CAGGCUAGAC,585,3,A.G650,A.C656,GCUAGAC,Match,Lamiable_2012
1J5E,H2H3,A,750,GUGACGCU,585,3,A.G750,A.C756,GUGACGC,Match,Lamiable_2012
1J5E,H1H2,A,730,GGCAGCCACC,671,1,A.G731,A.C735,GCAGC,Match,Lamiable_2012
1J5E,H2H3,A,823,GCGCUAGGUCU,825,2,A.G825,A.G830,GCUAGG,Match,Lamiable_2012
1J5E,H2H3,A,853,GGGCCGAAGCU,825,3,A.C856,A.C862,CCGAAGC,Match,Lamiable_2012
1J5E,H2H3,A,866,CGCGUUAAGCGC,825,5,A.G867,A.C875,GCGUUAAGC,Match,Lamiable_2012
1J5E,H2H3,A,1103,CGAGCGCAACCCCC,1059,5,A.G1106,A.C1114,GCGCAACCC,Match,Lamiable_2012
1J5E,H1H2,B,935,ACAAGCG,935,2,A.A935,A.C940,ACAAGC,Match,Lamiable_2012
1J5E,H2H3,B,984,CCAGGCCUUGACAUG,989,6,A.C989,A.G998,CCUUGACAUG,Match,Lamiable_2012
1J5E,H2H3,B,1043,CACAGG,989,2,A.C1043,A.G1048,CACAGG,Match,Lamiable_2012
1J5E,H2H3,B,1209,CCUUACGGCCUGG,989,4,A.C1209,A.G1216,CCUUACGG,Match,Lamiable_2012
1J5E,H1H3,B,1032,GGGAGCCCU,1001,4,A.G1033,A.U1040,GGAGCCCU,Match,Lamiable_2012
1J5E,H2H3,C,954,GUUUAAUUCG,954,6,A.G954,A.G963,GUUUAAUUCG,Match,Lamiable_2012
1J5E,H2H3,C,972,CGAAGAACCUUACCA,954,10,A.C972,A.C985,CGAAGAACCUUACC,Match,Lamiable_2012
1J5E,H2H3,C,1219,UGGGCGAC,954,3,A.G1220,A.C1226,GGGCGAC,Match,Lamiable_2012
1J5E,H1H2,C,1068,GCUCGUGCC,1072,0,A.G1072,A.C1075,GUGC,Match,Lamiable_2012
1J5E,H1H2,C,1081,GGUGUUGGG,1072,3,A.G1082,A.G1088,GUGUUGG,Match,Lamiable_2012
1J5E,H1H2,C,1096,CCCGCAACGAGC,1072,3,A.C1097,A.C1103,CCGCAAC,Match,Lamiable_2012
1J5E,H1H2,C,1113,CCCCGCCGUU,1115,1,A.C1115,A.C1119,CCGCC,Match,Lamiable_2012
1J5E,H1H2,C,1151,AACGGGACUGCCC,1115,5,A.G1154,A.C1162,GGGACUGCC,Match,Lamiable_2012
1J5E,H1H2,C,1173,GGGAGGAAGGAGGGG,1115,8,A.G1174,A.G1185,GGAGGAAGGAGG,Match,Lamiable_2012
1LNG,H1H3,C,144,CGGUGGGGG,144,2,B.C144,B.G149,CGGUGG,Match,Lamiable_2012
1LNG,H1H3,C,178,CCCCCUUUACCUGCC,144,4,B.C181,B.C188,CCUUUACC,Match,Lamiable_2012
1LNG,H1H3,C,226,GGCAGGACG,144,1,B.G230,B.G234,GGACG,Match,Lamiable_2012
1MFQ,H1H3,C,219,CCCGUGC,127,1,A.C219,A.U223,CCCGU,Match,Lamiable_2012
1MMS,H1H3,C,1051,GCUGGGAUG,1054,1,C.G1054,C.U1058,GGGAU,Match,Lamiable_2012
1MMS,H1H3,C,1051,GCUGGGAUG,1054,1,D.G1054,D.U1058,GGGAU,Match,Lamiable_2012
1MMS,H1H3,C,1079,CAUUUAAAGAGUGC,1054,9,C.A1080,C.C1092,AUUUAAAGAGUGC,Match,Lamiable_2012
1MMS,H1H3,C,1079,CAUUUAAAGAGUGC,1054,9,D.A1080,D.C1092,AUUUAAAGAGUGC,Match,Lamiable_2012
1MMS,H1H3,C,1099,GCUCACCAGC,1054,3,C.G1099,C.C1105,GCUCACC,Match,Lamiable_2012
1MMS,H1H3,C,1099,GCUCACCAGC,1054,3,D.G1099,D.C1105,GCUCACC,Match,Lamiable_2012
1QA6,H1H3,C,102,CCAGGAUG,104,1,C.A104,C.U108,AGGAU,Match,Lamiable_2012
1QA6,H1H3,C,102,CCAGGAUG,104,1,D.A104,D.U108,AGGAU,Match,Lamiable_2012
1QA6,H1H3,C,129,CAUUUAAAGAAAGC,104,8,C.A130,C.G141,AUUUAAAGAAAG,Match,Lamiable_2012
1QA6,H1H3,C,129,CAUUUAAAGAAAGC,104,8,D.A130,D.G141,AUUUAAAGAAAG,Match,Lamiable_2012
1QA6,H1H3,C,149,GCUCACUGG,104,2,C.C150,C.U155,CUCACU,Match,Lamiable_2012
1QA6,H1H3,C,149,GCUCACUGG,104,2,D.C150,D.U155,CUCACU,Match,Lamiable_2012
1S72,H1H2,A,28,GCUCGG,28,2,0.G28,0.G33,GCUCGG,Match,Lamiable_2012
1S72,H1H2,A,450,CCGAUAGUGAACAAGUAGUG,28,15,0.C450,0.U468,CCGAUAGUGAACAAGUAGU,Match,Lamiable_2012
1S72,H1H2,A,472,AACGAACGC,28,4,0.A473,0.C480,ACGAACGC,Match,Lamiable_2012
1S72,H1H2,A,50,GGACGU,51,0,0.G51,0.G54,GACG,Match,Lamiable_2012
1S72,H1H2,A,64,GCGAUAAGCCAU,51,5,0.C65,0.C73,CGAUAAGCC,Match,Lamiable_2012
1S72,H1H2,A,102,AUGGAUUUCC,51,3,0.G104,0.C110,GGAUUUC,Match,Lamiable_2012
1S72,H1H3,A,1402,GCCUAAUGGAU,1403,4,0.C1403,0.G1410,CCUAAUGG,Match,Lamiable_2012
1S72,H1H3,A,1697,GUCCAUGGC,1403,2,0.C1699,0.G1704,CCAUGG,Match,Lamiable_2012
1S72,H1H2,A,1409,GGAUAAGG,1411,2,0.A1411,0.G1416,AUAAGG,Match,Lamiable_2012
1S72,H1H2,A,1679,CCGAGAACC,1411,5,0.C1679,0.C1687,CCGAGAACC,Match,Lamiable_2012
1S72,H1H2,A,1694,GGUGUCC,1411,1,0.G1694,0.U1698,GGUGU,Match,Lamiable_2012
1S72,H2H3,A,2129,UCGCUGAG,2130,2,0.C2130,0.A2135,CGCUGA,Match,Lamiable_2012
1S72,H2H3,A,2239,CUCUCACUC,2130,3,0.U2240,0.U2246,UCUCACU,Match,Lamiable_2012
1S72,H2H3,A,2254,GAGGACACCGA,2130,5,0.A2255,0.G2263,AGGACACCG,Match,Lamiable_2012
1S72,H1H2,A,2830,UCCCGCG,2830,0,0.U2830,0.C2833,UCCC,Match,Lamiable_2012
1S72,H1H2,A,2844,CGCGGUCGAUAG,2830,4,0.G2847,0.A2854,GGUCGAUA,Match,Lamiable_2012
1S72,H1H2,A,2903,CUAACAGA,2830,3,0.U2904,0.A2910,UAACAGA,Match,Lamiable_2012
1S72,H2H3,B,821,UCUGUUAGAG,787,4,0.C822,0.A829,CUGUUAGA,Match,Lamiable_2012
1S72,H2H3,B,1415,GGGUUCCUCAG,1415,3,0.G1415,0.C1421,GGGUUCC,Match,Lamiable_2012
1S72,H2H3,B,1439,CUGAGGGUUAGCCGG,1415,6,0.G1443,0.G1452,GGGUUAGCCG,Match,Lamiable_2012
1S72,H2H3,B,1674,CCGUACC,1415,2,0.C1675,0.C1680,CGUACC,Match,Lamiable_2012
1S72,H2H3,B,2327,AUCUCAGCCGGG,2328,3,0.U2328,0.C2334,UCUCAGC,Match,Lamiable_2012
1S72,H1H2,C,479,GCUGCAAAGUACCC,20,10,0.G479,0.C492,GCUGCAAAGUACCC,Match,Lamiable_2012
1S72,H1H3,C,300,CGACGAAGUCUCU,301,6,0.G301,0.U310,GACGAAGUCU,Match,Lamiable_2012
1S72,H1H3,C,319,AGAGCGUGAUACAGGG,301,9,0.A321,0.G333,AGCGUGAUACAGG,Match,Lamiable_2012
1S72,H1H3,C,342,CCCGUACUCG,301,4,0.C343,0.C350,CCGUACUC,Match,Lamiable_2012
1S72,H1H2,B,772,GACGAUCUACGCA,773,5,0.A773,0.C781,ACGAUCUAC,Match,Lamiable_2012
1S72,H1H2,B,862,UGCGUAGGGG,773,3,0.G865,0.G871,GUAGGGG,Match,Lamiable_2012
1S72,H1H2,B,879,CCCAUCGAGUC,773,6,0.C879,0.U888,CCCAUCGAGU,Match,Lamiable_2012
1S72,H1H2,C,2550,UCCAUCC,2551,2,0.C2551,0.C2556,CCAUCC,Match,Lamiable_2012
1S72,H1H2,C,2579,GGUGAGG,2551,2,0.G2579,0.G2584,GGUGAG,Match,Lamiable_2012
1S72,H1H2,C,2593,CCUAUUAAAGGAG,2551,6,0.C2594,0.G2603,CUAUUAAAGG,Match,Lamiable_2012
1S72,H2H3,C,66,GCGUUCCGGG,8,3,9.G66,9.C72,GCGUUCC,Match,Lamiable_2012
1S72,H2H3,C,106,CCCGGUUCGCCGCC,8,3,9.G109,9.C115,GGUUCGC,Match,Lamiable_2012
1S72,H1H3,C,1203,GCUUACCGGC,1158,3,0.G1203,0.C1209,GCUUACC,Match,Lamiable_2012
1S72,H1H2,C,1547,AUCACGCUGGG,1550,0,0.A1550,0.C1553,ACGC,Match,Lamiable_2012
1S72,H1H2,C,1564,CCCAGUCGAACCG,1550,4,0.G1568,0.C1575,GUCGAACC,Match,Lamiable_2012
1S72,H1H2,C,1620,CGGCAUAGGGAAACGUGAU,1550,11,0.G1621,0.U1635,GGCAUAGGGAAACGU,Match,Lamiable_2012
1U8D,H1H3,C,15,GGACAUAUAAUCGCGUG,20,5,A.U20,A.C28,UAUAAUCGC,Match,Lamiable_2012
1U8D,H1H3,C,71,CCGACUAUGUCC,20,2,A.C71,A.A76,CGACUA,Mismatch,Lamiable_2012
1UN6,H2H3,C,4,GCCGGCCACACC,8,4,E.G8,E.C15,GCCACACC,Match,Lamiable_2012
1UN6,H2H3,C,4,GCCGGCCACACC,8,4,F.G8,F.C15,GCCACACC,Match,Lamiable_2012
1UN6,H2H3,C,64,GGGCC,8,0,E.G64,E.C67,GGGC,Match,Lamiable_2012
1UN6,H2H3,C,64,GGGCC,8,0,F.G64,F.C67,GGGC,Match,Lamiable_2012
1UN6,H2H3,C,107,GGUGCCGGC,8,0,E.G108,E.C111,GUGC,Match,Lamiable_2012
1UN6,H2H3,C,107,GGUGCCGGC,8,0,F.G108,F.C111,GUGC,Match,Lamiable_2012
1Y26,H1H3,C,15,CUUCAUAUAAUCC,20,3,X.U20,X.C26,UAUAAUC,Match,Lamiable_2012
1Y26,H1H3,C,43,GGAGUUUCUACCAAGAG,20,8,X.G44,X.A55,GAGUUUCUACCA,Match,Lamiable_2012
1Y26,H1H3,C,67,CUCUUGAUUAUGAAG,20,2,X.U71,X.A76,UGAUUA,Match,Lamiable_2012
2AVY,H2H3,A,585,GCGGUUUG,585,1,A.G585,A.U589,GCGGU,Match,Lamiable_2012
2AVY,H2H3,A,647,CAAGCUUGAGUC,585,3,A.G650,A.G656,GCUUGAG,Match,Lamiable_2012
2AVY,H2H3,A,748,GACUGACGC,585,3,A.C750,A.C756,CUGACGC,Match,Lamiable_2012
2AVY,H1H3,C,45,GGCCUAACAC,45,5,A.G45,A.A53,GGCCUAACA,Match,Lamiable_2012
2AVY,H1H3,C,357,GUGGGGAAUAUUGCA,45,9,A.U358,A.C370,UGGGGAAUAUUGC,Match,Lamiable_2012
2AVY,H1H3,C,390,UGCAGCC,45,2,A.G391,A.C396,GCAGCC,Match,Lamiable_2012
2AVY,H1H2,A,667,GGGGGUAGAAUUCCAG,671,5,A.G671,A.C679,GUAGAAUUC,Match,Lamiable_2012
2AVY,H1H2,A,708,CUGGAGGAAUACCGGUGGC,671,12,A.G711,A.C726,GAGGAAUACCGGUGGC,Match,Lamiable_2012
2AVY,H1H2,A,731,GCGGCCCCC,671,1,A.G731,A.C735,GCGGC,Match,Lamiable_2012
2AVY,H2H3,A,821,GUCGACUUGGA,825,2,A.A825,A.G830,ACUUGG,Match,Lamiable_2012
2AVY,H2H3,A,855,UCCGGAGC,825,3,A.C856,A.C862,CCGGAGC,Match,Lamiable_2012
2AVY,H2H3,A,867,GCGUUAAGUCGAC,825,5,A.G867,A.U875,GCGUUAAGU,Match,Lamiable_2012
2AVY,H2H3,B,984,CCUGGUCUUGACAUC,989,6,A.U989,A.C998,UCUUGACAUC,Match,Lamiable_2012
2AVY,H2H3,B,1043,GACAGG,989,2,A.G1043,A.G1048,GACAGG,Match,Lamiable_2012
2AVY,H2H3,B,1209,CCUUACGACCAGG,989,4,A.C1209,A.A1216,CCUUACGA,Match,Lamiable_2012
2AVY,H1H3,B,999,CACGGAAGUU,1002,2,A.G1002,A.U1007,GGAAGU,Match,Lamiable_2012
2AVY,H1H3,B,1021,AAUGUGCC,1002,3,A.A1022,A.C1028,AUGUGCC,Match,Lamiable_2012
2AVY,H1H3,B,1033,GGAACCGUG,1002,2,A.G1033,A.C1038,GGAACC,Match,Lamiable_2012
2AVY,H2H3,A,1059,CUGUCGUCAGCUCGU,1059,7,A.C1059,A.C1069,CUGUCGUCAGC,Match,Lamiable_2012
2AVY,H2H3,A,1102,ACGAGCGCAACCC,1059,5,A.G1106,A.C1114,GCGCAACCC,Match,Lamiable_2012
2AVY,H2H3,A,1186,GGAUGACGUCAAG,1059,9,A.G1186,A.G1198,GGAUGACGUCAAG,Match,Lamiable_2012
2AVY,H1H2,C,1113,CCUUAUCCUUUG,1115,1,A.U1115,A.C1119,UUAUC,Match,Lamiable_2012
2AVY,H1H2,C,1149,CAAAGGAGACUGCCAGU,1115,5,A.G1154,A.C1162,GAGACUGCC,Match,Lamiable_2012
2AVY,H1H2,C,1171,ACUGGAGGAAGGUGGGG,1115,8,A.G1174,A.G1185,GGAGGAAGGUGG,Match,Lamiable_2012
2AW4,H2H3,C,2,GCCUGGCGGCCGUAGC,9,5,A.G9,A.C17,GGCCGUAGC,Match,Lamiable_2012
2AW4,H2H3,C,67,GCGCC,9,1,A.G67,A.C71,GCGCC,Match,Lamiable_2012
2AW4,H2H3,C,105,GGGAACUGCCAGGC,9,3,A.G105,A.U111,GGGAACU,Match,Lamiable_2012
2AW4,H1H2,A,54,GGACG,55,0,B.G55,B.G58,GACG,Match,Lamiable_2012
2AW4,H1H2,A,69,CGAUAAGCG,55,5,B.C69,B.G77,CGAUAAGCG,Match,Lamiable_2012
2AW4,H1H2,A,109,CGAUUUCC,55,3,B.C109,B.C115,CGAUUUC,Match,Lamiable_2012
2AW4,H1H2,B,2811,GGAACGU,2811,2,B.G2811,B.G2816,GGAACG,Match,Lamiable_2012
2AW4,H1H2,B,2829,ACGUUGAUAG,2811,4,B.C2830,B.A2837,CGUUGAUA,Match,Lamiable_2012
2AW4,H1H2,B,2880,CUAAUGAACC,2811,5,B.U2881,B.C2889,UAAUGAACC,Match,Lamiable_2012
2AW4,H1H3,C,295,GUGGAAGCG,296,3,B.U296,B.C302,UGGAAGC,Match,Lamiable_2012
2AW4,H1H3,C,314,CGCGCGAUACAGGG,296,8,B.G315,B.G326,GCGCGAUACAGG,Match,Lamiable_2012
2AW4,H1H3,C,335,CCCGUACAC,296,3,B.C336,B.A342,CCGUACA,Match,Lamiable_2012
2AW4,H1H2,C,16,CGUACACGGUGGAUGCC,23,6,B.G23,B.C32,GGUGGAUGCC,Match,Lamiable_2012
2AW4,H1H2,C,473,GGCGAAAAGAACCCC,23,9,B.G473,B.C485,GGCGAAAAGAACC,Match,Lamiable_2012
2AW4,H1H2,C,493,GGGGAGUGAAAAAGAACCUGAAACCGUGUACG,23,19,B.G495,B.C517,GGAGUGAAAAAGAACCUGAAACC,Match,Lamiable_2012
2AW4,H1H2,B,678,CCCGGUGAUCUAGCCA,682,5,B.G682,B.G690,GUGAUCUAG,Match,Lamiable_2012
2AW4,H1H2,B,769,UGGCUGGGGG,682,3,B.C772,B.G778,CUGGGGG,Match,Lamiable_2012
2AW4,H1H2,B,786,CCAAUCAAACCGGG,682,6,B.C786,B.C795,CCAAUCAAAC,Match,Lamiable_2012
2AW4,H2H3,B,689,AGCCAUGGGCAGGU,696,2,B.G696,B.G701,GGCAGG,Match,Lamiable_2012
2AW4,H2H3,B,730,ACCGAACCG,696,3,B.C731,B.C737,CCGAACC,Match,Lamiable_2012
2AW4,H2H3,B,758,CGGAUGACUUGUGGCU,696,4,B.G759,B.U766,GGAUGACU,Match,Lamiable_2012
2AW4,H1H3,C,1052,CCAGGAUG,1054,1,B.A1054,B.U1058,AGGAU,Match,Lamiable_2012
2AW4,H1H3,C,1079,CAUUUAAAGAAAGC,1054,8,B.A1080,B.G1091,AUUUAAAGAAAG,Match,Lamiable_2012
2AW4,H1H3,C,1099,GCUCACUGG,1054,2,B.C1100,B.U1105,CUCACU,Match,Lamiable_2012
2AW4,H1H2,A,31,CCCUGG,31,2,B.C31,B.G36,CCCUGG,Match,Lamiable_2012
2AW4,H1H2,A,444,CCGAUAGUGAACCAGUACC,31,15,B.C444,B.C462,CCGAUAGUGAACCAGUACC,Match,Lamiable_2012
2AW4,H1H2,A,467,GGGAAAGG,31,4,B.G467,B.G474,GGGAAAGG,Match,Lamiable_2012
2AW4,H1H3,A,1295,CGCCGGAAGACC,1297,4,B.C1297,B.A1304,CCGGAAGA,Match,Lamiable_2012
2AW4,H1H3,A,1622,GGUCAGGUA,1297,1,B.U1624,B.G1628,UCAGG,Match,Lamiable_2012
2AW4,H1H3,A,1636,UACCAAGGCG,1297,2,B.C1638,B.G1643,CCAAGG,Match,Lamiable_2012
2AW4,H1H2,A,1303,GACCAAGG,1305,2,B.C1305,B.G1310,CCAAGG,Match,Lamiable_2012
2AW4,H1H2,A,1604,CCCCAAACC,1305,5,B.C1604,B.C1612,CCCCAAACC,Match,Lamiable_2012
2AW4,H1H2,A,1619,GGUGGUC,1305,1,B.G1619,B.G1623,GGUGG,Match,Lamiable_2012
2AW4,H2H3,B,1309,GGGUUCCUG,1309,3,B.G1309,B.C1315,GGGUUCC,Match,Lamiable_2012
2AW4,H2H3,B,1335,CAGGGUGAGUCGA,1309,6,B.G1337,B.G1346,GGGUGAGUCG,Match,Lamiable_2012
2AW4,H2H3,B,1599,UCGUACC,1309,2,B.C1600,B.C1605,CGUACC,Match,Lamiable_2012
2AW4,H2H3,A,2087,GACACUGAACAU,2090,1,B.A2090,B.A2094,ACUGA,Match,Lamiable_2012
2AW4,H2H3,A,2191,AUGUUCUAACG,2090,3,B.U2195,B.G2201,UCUAACG,Match,Lamiable_2012
2AW4,H2H3,A,2222,CGGACAGUGUC,2090,4,B.C2222,B.U2229,CGGACAGU,Match,Lamiable_2012
2AW4,H1H2,C,2515,CACAUCC,2516,2,B.A2516,B.C2521,ACAUCC,Match,Lamiable_2012
2AW4,H1H2,C,2544,GGUAUGGC,2516,1,B.G2544,B.U2548,GGUAU,Match,Lamiable_2012
2AW4,H1H2,C,2557,GCCAUUUAAAGUG,2516,5,B.A2560,B.U2568,AUUUAAAGU,Match,Lamiable_2012
2EET,H1H3,C,16,GACAUGUAAUCGCGUG,20,5,A.U20,A.C28,UGUAAUCGC,Match,Lamiable_2012
2EET,H1H3,C,39,CACGCAAGUUUCUACCGG,20,10,A.G42,A.G55,GCAAGUUUCUACCG,Match,Lamiable_2012
2EET,H1H3,C,70,CCGACCAUGUC,20,2,A.C71,A.A76,CGACCA,Match,Lamiable_2012
2HOJ,H1H2,B,9,GCGACUCGGG,13,0,A.C13,A.G16,CUCG,Match,Lamiable_2012
2HOJ,H1H2,B,48,CCCGUAUCACCU,13,5,A.C50,A.C58,CGUAUCACC,Match,Lamiable_2012
2HOJ,H1H2,B,80,AGGGAAGUCGC,13,2,A.G81,A.G86,GGGAAG,Match,Lamiable_2012
2OEU,H1H3,C,11,CCAGCUGAUGAGUCC,13,7,A.A13,A.U23,AGCUGAUGAGU,Match,Lamiable_2012
2OEU,H1H3,C,32,GGACGAAACGCC,13,3,A.A34,A.C40,ACGAAAC,Match,Lamiable_2012
2OIU,H1H2,A,3,ACCUCGGC,6,0,P.U6,P.G9,UCGG,Match,Lamiable_2012
2OIU,H1H2,A,3,ACCUCGGC,6,0,Q.U6,Q.G9,UCGG,Match,Lamiable_2012
2OIU,H1H2,A,15,GCCGUUC,6,2,Q.C16,Q.C21,CCGUUC,Match,Lamiable_2012
2OIU,H1H2,A,40,GACAGGAGGU,6,3,Q.G40,Q.A46,GACAGGA,Match,Lamiable_2012
2QUS,H1H3,C,2,GGAGCCCUGUCACCGGA,10,1,A.G10,A.C14,GUCAC,Match,Lamiable_2012
2QUS,H1H3,C,2,GGAGCCCUGUCACCGGA,10,1,B.G10,B.C14,GUCAC,Match,Lamiable_2012
2QUS,H1H3,C,26,UCCGGUCUGAUGAGUCC,10,7,A.G30,A.U40,GUCUGAUGAGU,Match,Lamiable_2012
2QUS,H1H3,C,26,UCCGGUCUGAUGAGUCC,10,7,B.G30,B.U40,GUCUGAUGAGU,Match,Lamiable_2012
2QUS,H1H3,C,47,GGACAAAACAGGGCUCC,10,3,A.A49,A.C55,ACAAAAC,Match,Lamiable_2012
2QUS,H1H3,C,47,GGACAAAACAGGGCUCC,10,3,B.A49,B.C55,ACAAAAC,Match,Lamiable_2012
2ZJR,H1H2,C,17,GUCCACGGUGGAUGCC,23,6,X.G23,X.C32,GGUGGAUGCC,Match,Lamiable_2012
2ZJR,H1H2,C,484,GGUGAAAAGAACCCC,23,9,X.G484,X.C496,GGUGAAAAGAACC,Match,Lamiable_2012
2ZJR,H1H2,C,503,GGGGAGUGAAAGAGAACCUGAAACCGUGGAC,23,19,X.G505,X.C527,GGAGUGAAAGAGAACCUGAAACC,Match,Lamiable_2012
2ZJR,H1H2,A,31,CCCUGG,31,2,X.C31,X.G36,CCCUGG,Match,Lamiable_2012
2ZJR,H1H2,A,456,CCGAUAGCGCAUAGUACC,31,14,X.C456,X.C473,CCGAUAGCGCAUAGUACC,Match,Lamiable_2012
2ZJR,H1H2,A,478,GGGAAAGG,31,4,X.G478,X.G485,GGGAAAGG,Match,Lamiable_2012
2ZJR,H1H3,C,306,GCCGAAGU,307,3,X.C307,X.U313,CCGAAGU,Match,Lamiable_2012
2ZJR,H1H3,C,326,ACACCUCAGAAGG,307,8,X.A326,X.G337,ACACCUCAGAAG,Match,Lamiable_2012
2ZJR,H1H3,C,346,CCUGUAGGC,307,3,X.C347,X.G353,CUGUAGG,Match,Lamiable_2012
2ZJR,H1H2,B,2786,GACUCCCGG,2788,0,X.C2788,X.C2791,CUCC,Match,Lamiable_2012
2ZJR,H1H2,B,2802,CCGGGUUAAGAG,2788,4,X.G2805,X.A2812,GGUUAAGA,Match,Lamiable_2012
2ZJR,H1H2,B,2855,CUCAUCAGUC,2788,3,X.U2856,X.G2862,UCAUCAG,Match,Lamiable_2012
2ZJR,H2H3,C,11,GCCCAUAGC,11,5,Y.G11,Y.C19,GCCCAUAGC,Match,Lamiable_2012
2ZJR,H2H3,C,69,GCGCC,11,1,Y.G69,Y.C73,GCGCC,Match,Lamiable_2012
2ZJR,H2H3,C,108,GGUCAGC,11,3,Y.G108,Y.C114,GGUCAGC,Match,Lamiable_2012
2ZJR,H1H2,B,691,CCAGGUGAGCUAA,695,5,X.G695,X.A703,GUGAGCUAA,Match,Lamiable_2012
2ZJR,H1H2,B,785,UUAGGAG,695,3,X.U785,X.G791,UUAGGAG,Match,Lamiable_2012
2ZJR,H1H2,B,799,CUAACCGAACCUGG,695,6,X.C799,X.C808,CUAACCGAAC,Match,Lamiable_2012
2ZJR,H2H3,B,709,ACCAGGU,709,2,X.A709,X.G714,ACCAGG,Match,Lamiable_2012
2ZJR,H2H3,B,743,ACCGAACCG,709,3,X.C744,X.C750,CCGAACC,Match,Lamiable_2012
2ZJR,H2H3,B,771,CGGAUGAGU,709,4,X.G772,X.U779,GGAUGAGU,Match,Lamiable_2012
2ZJR,H1H2,A,53,GGACGC,54,0,X.G54,X.G57,GACG,Match,Lamiable_2012
2ZJR,H1H2,A,67,GCGAAAAGCCCCGA,54,5,X.C68,X.C76,CGAAAAGCC,Match,Lamiable_2012
2ZJR,H1H2,A,103,UCGGGGAUGUCC,54,3,X.G107,X.C113,GGAUGUC,Match,Lamiable_2012
2ZJR,H1H3,C,1063,CCAGGAGG,1065,1,X.A1065,X.G1069,AGGAG,Match,Lamiable_2012
2ZJR,H1H3,C,1090,CCUUCAAAGAGUGC,1065,9,X.C1091,X.C1103,CUUCAAAGAGUGC,Match,Lamiable_2012
2ZJR,H1H3,C,1110,GCUCACUGG,1065,3,X.G1110,X.U1116,GCUCACU,Match,Lamiable_2012
2ZJR,H1H3,A,1308,CGCCGUAAGGAC,1310,4,X.C1310,X.G1317,CCGUAAGG,Match,Lamiable_2012
2ZJR,H1H3,A,1638,GUCCGAGUG,1310,1,X.C1640,X.G1644,CCGAG,Match,Lamiable_2012
2ZJR,H1H3,A,1653,CACUAAGGCG,1310,2,X.C1655,X.G1660,CUAAGG,Match,Lamiable_2012
2ZJR,H2H3,B,1322,GGGUUCCUGGG,1322,3,X.G1322,X.C1328,GGGUUCC,Match,Lamiable_2012
2ZJR,H2H3,B,1346,CCCAGGGAAAGUCGGG,1322,6,X.G1350,X.G1359,GGGAAAGUCG,Match,Lamiable_2012
2ZJR,H2H3,B,1614,CCCGUACC,1322,2,X.C1616,X.C1621,CGUACC,Match,Lamiable_2012
2ZJR,H1H3,C,1762,CGACUGUUUACCAAAAUCACAGCAC,1762,19,X.C1762,X.C1784,CGACUGUUUACCAAAAUCACAGC,Match,Lamiable_2012
2ZJR,H1H3,C,1816,GUGUGACGCC,1762,2,X.G1818,X.G1823,GUGACG,Match,Lamiable_2012
2ZJR,H1H3,C,1955,GGCGUAACG,1762,3,X.C1957,X.G1963,CGUAACG,Match,Lamiable_2012
2ZJR,H2H3,A,2071,GCAUUGGGAUUCGGGUUUCU,2073,1,X.A2073,X.G2077,AUUGG,Match,Lamiable_2012
2ZJR,H2H3,A,2165,AGAAACUUGGAUUUCUAACC,2073,3,X.U2178,X.C2184,UCUAACC,Match,Lamiable_2012
2ZJR,H2H3,A,2201,GGGACCGUGC,2073,4,X.G2201,X.U2208,GGGACCGU,Match,Lamiable_2012
2ZJR,H1H2,C,2494,CGCAUCC,2495,2,X.G2495,X.C2500,GCAUCC,Match,Lamiable_2012
2ZJR,H1H2,C,2523,GGUUGGGC,2495,1,X.G2523,X.G2527,GGUUG,Match,Lamiable_2012
2ZJR,H1H2,C,2536,GCCCAUUAAAGCG,2495,5,X.C2539,X.C2547,CAUUAAAGC,Match,Lamiable_2012
3D2G,H1H2,B,3,GACCAGGG,4,1,A.A4,A.G8,ACCAG,Match,Lamiable_2012
3D2G,H1H2,B,3,GACCAGGG,4,1,B.A4,B.G8,ACCAG,Match,Lamiable_2012
3D2G,H1H2,B,36,CCCUUUGAACCU,4,5,A.C38,A.C46,CUUUGAACC,Match,Lamiable_2012
3D2G,H1H2,B,36,CCCUUUGAACCU,4,5,B.C38,B.C46,CUUUGAACC,Match,Lamiable_2012
3D2G,H1H2,B,68,AGGGAGUGUC,4,4,A.G69,A.U76,GGGAGUGU,Match,Lamiable_2012
3D2G,H1H2,B,68,AGGGAGUGUC,4,4,B.G69,B.U76,GGGAGUGU,Match,Lamiable_2012
