PDB,Junction_ID,Coaxial,Family,L_i,Source
1EFW,1EFW_6_1,"H1H4,H2H3",cL,2,Laing_2012
1EFW,1EFW_6_2,"H1H4,H2H3",cL,1,Laing_2012
1EFW,1EFW_6_3,"H1H4,H2H3",cL,5,Laing_2012
1EFW,1EFW_6_4,"H1H4,H2H3",cL,0,Laing_2012
1EHZ,1EHZ_6_1,"H1H4,H2H3",cL,2,Laing_2012
1EHZ,1EHZ_6_2,"H1H4,H2H3",cL,1,Laing_2012
1EHZ,1EHZ_6_3,"H1H4,H2H3",cL,5,Laing_2012
1EHZ,1EHZ_6_4,"H1H4,H2H3",cL,0,Laing_2012
1KH6,1KH6_4_1,"H1H4,H2H3",cH,2,Laing_2012
1KH6,1KH6_4_2,"H1H4,H2H3",cH,0,Laing_2012
1KH6,1KH6_4_3,"H1H4,H2H3",cH,1,Laing_2012
1KH6,1KH6_4_4,"H1H4,H2H3",cH,0,Laing_2012
1M5O,1M5O_13_1,"H1H4,H2H3",H,0,Laing_2012
1M5O,1M5O_13_2,"H1H4,H2H3",H,0,Laing_2012
1M5O,1M5O_13_3,"H1H4,H2H3",H,0,Laing_2012
1M5O,1M5O_13_4,"H1H4,H2H3",H,0,Laing_2012
1N78,1N78_506_1,"H1H4,H2H3",cL,2,Laing_2012
1N78,1N78_506_2,"H1H4,H2H3",cL,1,Laing_2012
1N78,1N78_506_3,"H1H4,H2H3",cL,4,Laing_2012
1N78,1N78_506_4,"H1H4,H2H3",cL,0,Laing_2012
1NBS,1NBS_89_1,"H1H4,H2H3",H,0,Laing_2012
1NBS,1NBS_89_2,"H1H4,H2H3",H,1,Laing_2012
1NBS,1NBS_89_3,"H1H4,H2H3",H,2,Laing_2012
1NBS,1NBS_89_4,"H1H4,H2H3",H,0,Laing_2012
1NKW,1NKW_1282_1,"H1H4,H2H3",cL,5,Laing_2012
1NKW,1NKW_1282_2,"H1H4,H2H3",cL,0,Laing_2012
1NKW,1NKW_1282_3,"H1H4,H2H3",cL,2,Laing_2012
1NKW,1NKW_1282_4,"H1H4,H2H3",cL,0,Laing_2012
1NKW,1NKW_1360_1,H3H4,cK,1,Laing_2012
1NKW,1NKW_1360_2,H3H4,cK,3,Laing_2012
1NKW,1NKW_1360_3,H3H4,cK,4,Laing_2012
1NKW,1NKW_1360_4,H3H4,cK,2,Laing_2012
1NKW,1NKW_1457_1,"H1H2,H3H4",cH,1,Laing_2012
1NKW,1NKW_1457_2,"H1H2,H3H4",cH,3,Laing_2012
1NKW,1NKW_1457_3,"H1H2,H3H4",cH,6,Laing_2012
1NKW,1NKW_1457_4,"H1H2,H3H4",cH,4,Laing_2012
1NKW,1NKW_1682_1,"H1H2,H3H4",cH,0,Laing_2012
1NKW,1NKW_1682_2,"H1H2,H3H4",cH,2,Laing_2012
1NKW,1NKW_1682_3,"H1H2,H3H4",cH,0,Laing_2012
1NKW,1NKW_1682_4,"H1H2,H3H4",cH,0,Laing_2012
1NKW,1NKW_1824_1,,cW,15,Laing_2012
1NKW,1NKW_1824_2,,cW,0,Laing_2012
1NKW,1NKW_1824_3,,cW,12,Laing_2012
1NKW,1NKW_1824_4,,cW,5,Laing_2012
1NKW,1NKW_2263_1,H3H4,cK,4,Laing_2012
1NKW,1NKW_2263_2,H3H4,cK,4,Laing_2012
1NKW,1NKW_2263_3,H3H4,cK,1,Laing_2012
1NKW,1NKW_2263_4,H3H4,cK,1,Laing_2012
1NKW,1NKW_244_1,,ψ,1,Laing_2012
1NKW,1NKW_244_2,,ψ,0,Laing_2012
1NKW,1NKW_244_3,,ψ,20,Laing_2012
1NKW,1NKW_244_4,,ψ,10,Laing_2012
1NKW,1NKW_2621_1,"H1H4,H2H3",cH,2,Laing_2012
1NKW,1NKW_2621_2,"H1H4,H2H3",cH,1,Laing_2012
1NKW,1NKW_2621_3,"H1H4,H2H3",cH,4,Laing_2012
1NKW,1NKW_2621_4,"H1H4,H2H3",cH,2,Laing_2012
1NKW,1NKW_608_1,,ψ,1,Laing_2012
1NKW,1NKW_608_2,,ψ,0,Laing_2012
1NKW,1NKW_608_3,,ψ,20,Laing_2012
1NKW,1NKW_608_4,,ψ,10,Laing_2012
1QRS,1QRS_6_1,"H1H4,H2H3",cL,2,Laing_2012
1QRS,1QRS_6_2,"H1H4,H2H3",cL,1,Laing_2012
1QRS,1QRS_6_3,"H1H4,H2H3",cL,5,Laing_2012
1QRS,1QRS_6_4,"H1H4,H2H3",cL,0,Laing_2012
1S72,1S72_1373_1,"H1H4,H2H3",cL,7,Laing_2012
1S72,1S72_1373_2,"H1H4,H2H3",cL,0,Laing_2012
1S72,1S72_1373_3,"H1H4,H2H3",cL,3,Laing_2012
1S72,1S72_1373_4,"H1H4,H2H3",cL,0,Laing_2012
1S72,1S72_1452_1,H3H4,cK,1,Laing_2012
1S72,1S72_1452_2,H3H4,cK,3,Laing_2012
1S72,1S72_1452_3,H3H4,cK,2,Laing_2012
1S72,1S72_1452_4,H3H4,cK,1,Laing_2012
1S72,1S72_1743_1,H3H4,π,12,Laing_2012
1S72,1S72_1743_2,H3H4,π,7,Laing_2012
1S72,1S72_1743_3,H3H4,π,1,Laing_2012
1S72,1S72_1743_4,H3H4,π,4,Laing_2012
1S72,1S72_1827_1,"H1H4,H2H3",H,3,Laing_2012
1S72,1S72_1827_2,"H1H4,H2H3",H,3,Laing_2012
1S72,1S72_1827_3,"H1H4,H2H3",H,3,Laing_2012
1S72,1S72_1827_4,"H1H4,H2H3",H,4,Laing_2012
1S72,1S72_1888_1,,cW,15,Laing_2012
1S72,1S72_1888_2,,cW,0,Laing_2012
1S72,1S72_1888_3,,cW,12,Laing_2012
1S72,1S72_1888_4,,cW,5,Laing_2012
1S72,1S72_2318_1,H3H4,cK,3,Laing_2012
1S72,1S72_2318_2,H3H4,cK,3,Laing_2012
1S72,1S72_2318_3,H3H4,cK,1,Laing_2012
1S72,1S72_2318_4,H3H4,cK,1,Laing_2012
1S72,1S72_2678_1,"H1H4,H2H3",cH,2,Laing_2012
1S72,1S72_2678_2,"H1H4,H2H3",cH,0,Laing_2012
1S72,1S72_2678_3,"H1H4,H2H3",cH,2,Laing_2012
1S72,1S72_2678_4,"H1H4,H2H3",cH,1,Laing_2012
1S72,1S72_42_1,,cW,15,Laing_2012
1S72,1S72_42_2,,cW,0,Laing_2012
1S72,1S72_42_3,,cW,12,Laing_2012
1S72,1S72_42_4,,cW,5,Laing_2012
1U0B,1U0B_6_1,"H1H4,H2H3",cL,2,Laing_2012
1U0B,1U0B_6_2,"H1H4,H2H3",cL,1,Laing_2012
1U0B,1U0B_6_3,"H1H4,H2H3",cL,4,Laing_2012
1U0B,1U0B_6_4,"H1H4,H2H3",cL,0,Laing_2012
1U9S,1U9S_118_1,"H1H4,H2H3",cH,6,Laing_2012
1U9S,1U9S_118_2,"H1H4,H2H3",cH,3,Laing_2012
1U9S,1U9S_118_3,"H1H4,H2H3",cH,1,Laing_2012
1U9S,1U9S_118_4,"H1H4,H2H3",cH,7,Laing_2012
1U9S,1U9S_78_1,"H1H4,H2H3",H,0,Laing_2012
1U9S,1U9S_78_2,"H1H4,H2H3",H,1,Laing_2012
1U9S,1U9S_78_3,"H1H4,H2H3",H,2,Laing_2012
1U9S,1U9S_78_4,"H1H4,H2H3",H,0,Laing_2012
2A2E,2A2E_110_1,"H1H4,H2H3",cH,0,Laing_2012
2A2E,2A2E_110_2,"H1H4,H2H3",cH,3,Laing_2012
2A2E,2A2E_110_3,"H1H4,H2H3",cH,4,Laing_2012
2A2E,2A2E_110_4,"H1H4,H2H3",cH,2,Laing_2012
2A2E,2A2E_70_1,"H1H4,H2H3",H,1,Laing_2012
2A2E,2A2E_70_2,"H1H4,H2H3",H,0,Laing_2012
2A2E,2A2E_70_3,"H1H4,H2H3",H,0,Laing_2012
2A2E,2A2E_70_4,"H1H4,H2H3",H,1,Laing_2012
2A64,2A64_90_1,"H1H4,H2H3",H,0,Laing_2012
2A64,2A64_90_2,"H1H4,H2H3",H,1,Laing_2012
2A64,2A64_90_3,"H1H4,H2H3",H,2,Laing_2012
2A64,2A64_90_4,"H1H4,H2H3",H,0,Laing_2012
2AVY,2AVY_114_1,H1H4,cK,6,Laing_2012
2AVY,2AVY_114_2,H1H4,cK,0,Laing_2012
2AVY,2AVY_114_3,H1H4,cK,2,Laing_2012
2AVY,2AVY_114_4,H1H4,cK,0,Laing_2012
2AVY,2AVY_141_1,"H1H4,H2H3",cH,3,Laing_2012
2AVY,2AVY_141_2,"H1H4,H2H3",cH,7,Laing_2012
2AVY,2AVY_141_3,"H1H4,H2H3",cH,4,Laing_2012
2AVY,2AVY_141_4,"H1H4,H2H3",cH,1,Laing_2012
2AVY,2AVY_18_1,H1H2,cK,7,Laing_2012
2AVY,2AVY_18_2,H1H2,cK,10,Laing_2012
2AVY,2AVY_18_3,H1H2,cK,1,Laing_2012
2AVY,2AVY_18_4,H1H2,cK,3,Laing_2012
2AVY,2AVY_568_1,"H1H4,H2H3",cL,7,Laing_2012
2AVY,2AVY_568_2,"H1H4,H2H3",cL,4,Laing_2012
2AVY,2AVY_568_3,"H1H4,H2H3",cL,10,Laing_2012
2AVY,2AVY_568_4,"H1H4,H2H3",cL,1,Laing_2012
2AVY,2AVY_942_1,,X,2,Laing_2012
2AVY,2AVY_942_2,,X,3,Laing_2012
2AVY,2AVY_942_3,,X,2,Laing_2012
2AVY,2AVY_942_4,,X,5,Laing_2012
2AW4,2AW4_1269_1,"H1H4,H2H3",cL,5,Laing_2012
2AW4,2AW4_1269_2,"H1H4,H2H3",cL,0,Laing_2012
2AW4,2AW4_1269_3,"H1H4,H2H3",cL,2,Laing_2012
2AW4,2AW4_1269_4,"H1H4,H2H3",cL,0,Laing_2012
2AW4,2AW4_1346_1,H3H4,cK,2,Laing_2012
2AW4,2AW4_1346_2,H3H4,cK,3,Laing_2012
2AW4,2AW4_1346_3,H3H4,cK,2,Laing_2012
2AW4,2AW4_1346_4,H3H4,cK,1,Laing_2012
2AW4,2AW4_1443_1,"H1H2,H3H4",cH,0,Laing_2012
2AW4,2AW4_1443_2,"H1H2,H3H4",cH,0,Laing_2012
2AW4,2AW4_1443_3,"H1H2,H3H4",cH,3,Laing_2012
2AW4,2AW4_1443_4,"H1H2,H3H4",cH,4,Laing_2012
2AW4,2AW4_1665_1,H3H4,π,10,Laing_2012
2AW4,2AW4_1665_2,H3H4,π,7,Laing_2012
2AW4,2AW4_1665_3,H3H4,π,2,Laing_2012
2AW4,2AW4_1665_4,H3H4,π,4,Laing_2012
2AW4,2AW4_1771_1,"H1H4,H2H3",H,3,Laing_2012
2AW4,2AW4_1771_2,"H1H4,H2H3",H,3,Laing_2012
2AW4,2AW4_1771_3,"H1H4,H2H3",H,2,Laing_2012
2AW4,2AW4_1771_4,"H1H4,H2H3",H,3,Laing_2012
2AW4,2AW4_1832_1,,ψ,6,Laing_2012
2AW4,2AW4_1832_2,,ψ,4,Laing_2012
2AW4,2AW4_1832_3,,ψ,5,Laing_2012
2AW4,2AW4_1832_4,,ψ,1,Laing_2012
2AW4,2AW4_2284_1,H3H4,cK,3,Laing_2012
2AW4,2AW4_2284_2,H3H4,cK,3,Laing_2012
2AW4,2AW4_2284_3,H3H4,cK,1,Laing_2012
2AW4,2AW4_2284_4,H3H4,cK,1,Laing_2012
2AW4,2AW4_2642_1,"H1H4,H2H3",cH,2,Laing_2012
2AW4,2AW4_2642_2,"H1H4,H2H3",cH,1,Laing_2012
2AW4,2AW4_2642_3,"H1H4,H2H3",cH,3,Laing_2012
2AW4,2AW4_2642_4,"H1H4,H2H3",cH,1,Laing_2012
2AW4,2AW4_267_1,,ψ,1,Laing_2012
2AW4,2AW4_267_2,,ψ,0,Laing_2012
2AW4,2AW4_267_3,,ψ,20,Laing_2012
2AW4,2AW4_267_4,,ψ,10,Laing_2012
2AW4,2AW4_600_1,,ψ,5,Laing_2012
2AW4,2AW4_600_2,,ψ,6,Laing_2012
2AW4,2AW4_600_3,,ψ,6,Laing_2012
2AW4,2AW4_600_4,,ψ,2,Laing_2012
2GIS,2GIS_7_1,"H1H4,H2H3",cL,6,Laing_2012
2GIS,2GIS_7_2,"H1H4,H2H3",cL,1,Laing_2012
2GIS,2GIS_7_3,"H1H4,H2H3",cL,8,Laing_2012
2GIS,2GIS_7_4,"H1H4,H2H3",cL,3,Laing_2012
2IHX,2IHX_166_1,,X,10,Laing_2012
2IHX,2IHX_166_2,,X,9,Laing_2012
2IHX,2IHX_166_3,,X,3,Laing_2012
2IHX,2IHX_166_4,,X,11,Laing_2012
2J00,2J00_114_1,H1H4,cK,6,Laing_2012
2J00,2J00_114_2,H1H4,cK,0,Laing_2012
2J00,2J00_114_3,H1H4,cK,2,Laing_2012
2J00,2J00_114_4,H1H4,cK,0,Laing_2012
2J00,2J00_141_1,"H1H4,H2H3",cH,1,Laing_2012
2J00,2J00_141_2,"H1H4,H2H3",cH,4,Laing_2012
2J00,2J00_141_3,"H1H4,H2H3",cH,3,Laing_2012
2J00,2J00_141_4,"H1H4,H2H3",cH,1,Laing_2012
2J00,2J00_18_1,H1H2,cK,7,Laing_2012
2J00,2J00_18_2,H1H2,cK,10,Laing_2012
2J00,2J00_18_3,H1H2,cK,1,Laing_2012
2J00,2J00_18_4,H1H2,cK,3,Laing_2012
2J00,2J00_568_1,"H1H4,H2H3",cL,7,Laing_2012
2J00,2J00_568_2,"H1H4,H2H3",cL,4,Laing_2012
2J00,2J00_568_3,"H1H4,H2H3",cL,10,Laing_2012
2J00,2J00_568_4,"H1H4,H2H3",cL,1,Laing_2012
2J00,2J00_940_1,,X,2,Laing_2012
2J00,2J00_940_2,,X,3,Laing_2012
2J00,2J00_940_3,,X,2,Laing_2012
2J00,2J00_940_4,,X,2,Laing_2012
2J01,2J01_1269_1,"H1H4,H2H3",cL,5,Laing_2012
2J01,2J01_1269_2,"H1H4,H2H3",cL,0,Laing_2012
2J01,2J01_1269_3,"H1H4,H2H3",cL,2,Laing_2012
2J01,2J01_1269_4,"H1H4,H2H3",cL,0,Laing_2012
2J01,2J01_1347_1,H3H4,cK,1,Laing_2012
2J01,2J01_1347_2,H3H4,cK,3,Laing_2012
2J01,2J01_1347_3,H3H4,cK,2,Laing_2012
2J01,2J01_1347_4,H3H4,cK,0,Laing_2012
2J01,2J01_1665_1,,cW,15,Laing_2012
2J01,2J01_1665_2,,cW,0,Laing_2012
2J01,2J01_1665_3,,cW,12,Laing_2012
2J01,2J01_1665_4,,cW,5,Laing_2012
2J01,2J01_1771_1,"H1H4,H2H3",H,3,Laing_2012
2J01,2J01_1771_2,"H1H4,H2H3",H,3,Laing_2012
2J01,2J01_1771_3,"H1H4,H2H3",H,2,Laing_2012
2J01,2J01_1771_4,"H1H4,H2H3",H,3,Laing_2012
2J01,2J01_1832_1,,ψ,1,Laing_2012
2J01,2J01_1832_2,,ψ,2,Laing_2012
2J01,2J01_1832_3,,ψ,22,Laing_2012
2J01,2J01_1832_4,,ψ,10,Laing_2012
2J01,2J01_2284_1,H3H4,cK,3,Laing_2012
2J01,2J01_2284_2,H3H4,cK,3,Laing_2012
2J01,2J01_2284_3,H3H4,cK,1,Laing_2012
2J01,2J01_2284_4,H3H4,cK,1,Laing_2012
2J01,2J01_2642_1,"H1H4,H2H3",cH,2,Laing_2012
2J01,2J01_2642_2,"H1H4,H2H3",cH,1,Laing_2012
2J01,2J01_2642_3,"H1H4,H2H3",cH,3,Laing_2012
2J01,2J01_2642_4,"H1H4,H2H3",cH,1,Laing_2012
2J01,2J01_600_1,,ψ,2,Laing_2012
2J01,2J01_600_2,,ψ,8,Laing_2012
2J01,2J01_600_3,,ψ,6,Laing_2012
2J01,2J01_600_4,,ψ,2,Laing_2012
3F2Q,3F2Q_31_1,"H1H4,H2H3",cH,0,Laing_2012
3F2Q,3F2Q_31_2,"H1H4,H2H3",cH,2,Laing_2012
3F2Q,3F2Q_31_3,"H1H4,H2H3",cH,3,Laing_2012
3F2Q,3F2Q_31_4,"H1H4,H2H3",cH,2,Laing_2012
3F2Q,3F2Q_7_1,"H1H4,H2H3",cH,6,Laing_2012
3F2Q,3F2Q_7_2,"H1H4,H2H3",cH,3,Laing_2012
3F2Q,3F2Q_7_3,"H1H4,H2H3",cH,1,Laing_2012
3F2Q,3F2Q_7_4,"H1H4,H2H3",cH,7,Laing_2012
3F4E,3F4E_31_1,,cX,2,Laing_2012
3F4E,3F4E_31_2,,cX,5,Laing_2012
3F4E,3F4E_31_3,,cX,11,Laing_2012
3F4E,3F4E_31_4,,cX,10,Laing_2012
3F4E,3F4E_7_1,,cX,3,Laing_2012
3F4E,3F4E_7_2,,cX,4,Laing_2012
3F4E,3F4E_7_3,,cX,0,Laing_2012
3F4E,3F4E_7_4,,cX,3,Laing_2012
3IVK,3IVK_53_1,,cX,4,Laing_2012
3IVK,3IVK_53_2,,cX,5,Laing_2012
3IVK,3IVK_53_3,,cX,11,Laing_2012
3IVK,3IVK_53_4,,cX,12,Laing_2012
