PDB,Junction_ID,Coaxial,Family,S_ID5,Strand
1E8O,001,H1H3,C,101.0,GCCGGGCGCG
1E8O,001,H1H3,C,117.0,CGCGCCUGUAGUCCC
1E8O,001,H1H3,C,140.0,GGGAGGC
1FG0,14,H1H2,C,2548.0,CCUCCAUCC
1FG0,14,H1H2,C,2579.0,GGUGAGG
1FG0,14,H1H2,C,2593.0,CCUAUUAAAGGAGG
1FG0,7,H2H3,A,2129.0,UCGCUGAG
1FG0,7,H2H3,A,2239.0,CUCUCACUC
1FG0,7,H2H3,A,2254.0,GAGGACACCGA
1GID,001,H1H2,C,136.0,ACCAAGUC
1GID,001,H1H2,C,160.0,GAUGGCC
1GID,001,H1H2,C,174.0,GGGUAUGGU
1HC8,001,H1H3,C,102.0,CCAGGAUG
1HC8,001,H1H3,C,129.0,CAUUUAAAGAAAGC
1HC8,001,H1H3,C,149.0,GCUCACUGG
1J5E,001,H2H3,A,584.0,GGCGGCCUG
1J5E,001,H2H3,A,647.0,CAGGCUAGAC
1J5E,001,H2H3,A,750.0,GUGACGCU
1J5E,002,H1H2,A,667.0,GGUGGUG
1J5E,002,H1H2,A,717.0,CGCCGAUGGCG
1J5E,002,H1H2,A,730.0,GGCAGCCACC
1J5E,003,H2H3,A,823.0,GCGCUAGGUCU
1J5E,003,H2H3,A,853.0,GGGCCGAAGCU
1J5E,003,H2H3,A,866.0,CGCGUUAAGCGC
1J5E,004,H2H3,A,1061.0,GUCGUCAGCUCG
1J5E,004,H2H3,A,1103.0,CGAGCGCAACCCCC
1J5E,004,H2H3,A,1184.0,GGGGACGACGUC
1J5E,005,H1H2,B,935.0,ACAAGCG
1J5E,005,H1H2,B,1342.0,CGCUAGUAA
1J5E,005,H1H2,B,1372.0,UGAAUACGU
1J5E,006,H2H3,B,984.0,CCAGGCCUUGACAUG
1J5E,006,H2H3,B,1043.0,CACAGG
1J5E,006,H2H3,B,1209.0,CCUUACGGCCUGG
1J5E,007,H1H3,B,1001.0,AGGGAACC
1J5E,007,H1H3,B,1021.0,GGGGUGCCC
1J5E,007,H1H3,B,1032.0,GGGAGCCCU
1J5E,008,H1H3,C,46.0,GCCUAAGAC
1J5E,008,H1H3,C,357.0,GUUAGGAAUCU
1J5E,008,H1H3,C,393.0,AGC
1J5E,009,H2H3,C,954.0,GUUUAAUUCG
1J5E,009,H2H3,C,972.0,CGAAGAACCUUACCA
1J5E,009,H2H3,C,1219.0,UGGGCGAC
1J5E,010,H1H2,C,1068.0,GCUCGUGCC
1J5E,010,H1H2,C,1081.0,GGUGUUGGG
1J5E,010,H1H2,C,1096.0,CCCGCAACGAGC
1J5E,011,H1H2,C,1113.0,CCCCGCCGUU
1J5E,011,H1H2,C,1151.0,AACGGGACUGCCC
1J5E,011,H1H2,C,1173.0,GGGAGGAAGGAGGGG
1LNG,0,H1H3,C,144.0,CGGUGGGGG
1LNG,0,H1H3,C,178.0,CCCCCUUUACCUGCC
1LNG,0,H1H3,C,226.0,GGCAGGACG
1MFQ,001,H1H3,C,125.0,GCAUCAA
1MFQ,001,H1H3,C,166.0,UUGCCUAAGGGG
1MFQ,001,H1H3,C,219.0,CCCGUGC
1MME,001,H1H3,C,99999.0,CUGUCACCGGA
1MME,001,H1H3,C,99999.0,UCCGGUCUGAUGAGUCC
1MME,001,H1H3,C,99999.0,GGACGAAACAG
1MMS,0,H1H3,C,1051.0,GCUGGGAUG
1MMS,0,H1H3,C,1079.0,CAUUUAAAGAGUGC
1MMS,0,H1H3,C,1099.0,GCUCACCAGC
1QA6,0,H1H3,C,102.0,CCAGGAUG
1QA6,0,H1H3,C,129.0,CAUUUAAAGAAAGC
1QA6,0,H1H3,C,149.0,GCUCACUGG
1S72,001,H1H2,A,28.0,GCUCGG
1S72,001,H1H2,A,450.0,CCGAUAGUGAACAAGUAGUG
1S72,001,H1H2,A,472.0,AACGAACGC
1S72,002,H1H2,A,50.0,GGACGU
1S72,002,H1H2,A,64.0,GCGAUAAGCCAU
1S72,002,H1H2,A,102.0,AUGGAUUUCC
1S72,003,H1H3,A,1402.0,GCCUAAUGGAU
1S72,003,H1H3,A,1697.0,GUCCAUGGC
1S72,003,H1H3,A,1712.0,GCCAAGGC
1S72,004,H1H2,A,1409.0,GGAUAAGG
1S72,004,H1H2,A,1679.0,CCGAGAACC
1S72,004,H1H2,A,1694.0,GGUGUCC
1S72,005,H2H3,A,2129.0,UCGCUGAG
1S72,005,H2H3,A,2239.0,CUCUCACUC
1S72,005,H2H3,A,2254.0,GAGGACACCGA
1S72,006,H1H2,A,2830.0,UCCCGCG
1S72,006,H1H2,A,2844.0,CGCGGUCGAUAG
1S72,006,H1H2,A,2903.0,CUAACAGA
1S72,007,H2H3,B,789.0,CAAGA
1S72,007,H2H3,B,821.0,UCUGUUAGAG
1S72,007,H2H3,B,851.0,CUCGUG
1S72,008,H2H3,B,1415.0,GGGUUCCUCAG
1S72,008,H2H3,B,1439.0,CUGAGGGUUAGCCGG
1S72,008,H2H3,B,1674.0,CCGUACC
1S72,009,H2H3,B,2327.0,AUCUCAGCCGGG
1S72,009,H2H3,B,2346.0,CCCGGCGAAGAG
1S72,009,H2H3,B,2366.0,CAAAAGAU
1S72,010,H1H2,C,27.0,UGC
1S72,010,H1H2,C,479.0,GCUGCAAAGUACCC
1S72,010,H1H2,C,500.0,GGAGGCGAAAUAGAGCA
1S72,011,H1H3,C,300.0,CGACGAAGUCUCU
1S72,011,H1H3,C,319.0,AGAGCGUGAUACAGGG
1S72,011,H1H3,C,342.0,CCCGUACUCG
1S72,012,H1H2,B,772.0,GACGAUCUACGCA
1S72,012,H1H2,B,862.0,UGCGUAGGGG
1S72,012,H1H2,B,879.0,CCCAUCGAGUC
1S72,013,H1H2,C,2550.0,UCCAUCC
1S72,013,H1H2,C,2579.0,GGUGAGG
1S72,013,H1H2,C,2593.0,CCUAUUAAAGGAG
1S72,014,H2H3,C,4.0,GGCGGCCAUAGC
1S72,014,H2H3,C,66.0,GCGUUCCGGG
1S72,014,H2H3,C,106.0,CCCGGUUCGCCGCC
1S72,47,H1H3,C,1155.0,GCCGGGAG
1S72,47,H1H3,C,1184.0,CUCUAAGAAAAGC
1S72,47,H1H3,C,1203.0,GCUUACCGGC
1S72,68,H1H2,C,1547.0,AUCACGCUGGG
1S72,68,H1H2,C,1564.0,CCCAGUCGAACCG
1S72,68,H1H2,C,1620.0,CGGCAUAGGGAAACGUGAU
1U8D,001,H1H3,C,15.0,GGACAUAUAAUCGCGUG
1U8D,001,H1H3,C,39.0,CACGCAAGUUCUACCGG
1U8D,001,H1H3,C,71.0,CCGACUAUGUCC
1UN6,0,H2H3,C,4.0,GCCGGCCACACC
1UN6,0,H2H3,C,64.0,GGGCC
1UN6,0,H2H3,C,107.0,GGUGCCGGC
1Y26,0,H1H3,C,15.0,CUUCAUAUAAUCC
1Y26,0,H1H3,C,43.0,GGAGUUUCUACCAAGAG
1Y26,0,H1H3,C,67.0,CUCUUGAUUAUGAAG
2AVY,29,H2H3,A,585.0,GCGGUUUG
2AVY,29,H2H3,A,647.0,CAAGCUUGAGUC
2AVY,29,H2H3,A,748.0,GACUGACGC
2AVY,3,H1H3,C,45.0,GGCCUAACAC
2AVY,3,H1H3,C,357.0,GUGGGGAAUAUUGCA
2AVY,3,H1H3,C,390.0,UGCAGCC
2AVY,32,H1H2,A,667.0,GGGGGUAGAAUUCCAG
2AVY,32,H1H2,A,708.0,CUGGAGGAAUACCGGUGGC
2AVY,32,H1H2,A,731.0,GCGGCCCCC
2AVY,35,H2H3,A,821.0,GUCGACUUGGA
2AVY,35,H2H3,A,855.0,UCCGGAGC
2AVY,35,H2H3,A,867.0,GCGUUAAGUCGAC
2AVY,40,H2H3,B,984.0,CCUGGUCUUGACAUC
2AVY,40,H2H3,B,1043.0,GACAGG
2AVY,40,H2H3,B,1209.0,CCUUACGACCAGG
2AVY,42,H1H3,B,999.0,CACGGAAGUU
2AVY,42,H1H3,B,1021.0,AAUGUGCC
2AVY,42,H1H3,B,1033.0,GGAACCGUG
2AVY,47,H2H3,A,1059.0,CUGUCGUCAGCUCGU
2AVY,47,H2H3,A,1102.0,ACGAGCGCAACCC
2AVY,47,H2H3,A,1186.0,GGAUGACGUCAAG
2AVY,49,H1H2,C,1113.0,CCUUAUCCUUUG
2AVY,49,H1H2,C,1149.0,CAAAGGAGACUGCCAGU
2AVY,49,H1H2,C,1171.0,ACUGGAGGAAGGUGGGG
2AW4,0,H2H3,C,2.0,GCCUGGCGGCCGUAGC
2AW4,0,H2H3,C,67.0,GCGCC
2AW4,0,H2H3,C,105.0,GGGAACUGCCAGGC
2AW4,10,H1H2,A,54.0,GGACG
2AW4,10,H1H2,A,69.0,CGAUAAGCG
2AW4,10,H1H2,A,109.0,CGAUUUCC
2AW4,109,H1H2,B,2811.0,GGAACGU
2AW4,109,H1H2,B,2829.0,ACGUUGAUAG
2AW4,109,H1H2,B,2880.0,CUAAUGAACC
2AW4,18,H1H3,C,295.0,GUGGAAGCG
2AW4,18,H1H3,C,314.0,CGCGCGAUACAGGG
2AW4,18,H1H3,C,335.0,CCCGUACAC
2AW4,21,H1H2,C,16.0,CGUACACGGUGGAUGCC
2AW4,21,H1H2,C,473.0,GGCGAAAAGAACCCC
2AW4,21,H1H2,C,493.0,GGGGAGUGAAAAAGAACCUGAAACCGUGUACG
2AW4,27,H1H2,B,678.0,CCCGGUGAUCUAGCCA
2AW4,27,H1H2,B,769.0,UGGCUGGGGG
2AW4,27,H1H2,B,786.0,CCAAUCAAACCGGG
2AW4,28,H2H3,B,689.0,AGCCAUGGGCAGGU
2AW4,28,H2H3,B,730.0,ACCGAACCG
2AW4,28,H2H3,B,758.0,CGGAUGACUUGUGGCU
2AW4,44,H1H3,C,1052.0,CCAGGAUG
2AW4,44,H1H3,C,1079.0,CAUUUAAAGAAAGC
2AW4,44,H1H3,C,1099.0,GCUCACUGG
2AW4,5,H1H2,A,31.0,CCCUGG
2AW4,5,H1H2,A,444.0,CCGAUAGUGAACCAGUACC
2AW4,5,H1H2,A,467.0,GGGAAAGG
2AW4,50,H1H3,A,1295.0,CGCCGGAAGACC
2AW4,50,H1H3,A,1622.0,GGUCAGGUA
2AW4,50,H1H3,A,1636.0,UACCAAGGCG
2AW4,51,H1H2,A,1303.0,GACCAAGG
2AW4,51,H1H2,A,1604.0,CCCCAAACC
2AW4,51,H1H2,A,1619.0,GGUGGUC
2AW4,52,H2H3,B,1309.0,GGGUUCCUG
2AW4,52,H2H3,B,1335.0,CAGGGUGAGUCGA
2AW4,52,H2H3,B,1599.0,UCGUACC
2AW4,86,H2H3,A,2087.0,GACACUGAACAU
2AW4,86,H2H3,A,2191.0,AUGUUCUAACG
2AW4,86,H2H3,A,2222.0,CGGACAGUGUC
2AW4,99,H1H2,C,2515.0,CACAUCC
2AW4,99,H1H2,C,2544.0,GGUAUGGC
2AW4,99,H1H2,C,2557.0,GCCAUUUAAAGUG
2EET,0,H1H3,C,16.0,GACAUGUAAUCGCGUG
2EET,0,H1H3,C,39.0,CACGCAAGUUUCUACCGG
2EET,0,H1H3,C,70.0,CCGACCAUGUC
2HOJ,0,H1H2,B,9.0,GCGACUCGGG
2HOJ,0,H1H2,B,48.0,CCCGUAUCACCU
2HOJ,0,H1H2,B,80.0,AGGGAAGUCGC
2OEU,0,H1H3,C,1.0,GGAUGUACUA
2OEU,0,H1H3,C,11.0,CCAGCUGAUGAGUCC
2OEU,0,H1H3,C,32.0,GGACGAAACGCC
2OIU,1,H1H2,A,3.0,ACCUCGGC
2OIU,1,H1H2,A,15.0,GCCGUUC
2OIU,1,H1H2,A,40.0,GACAGGAGGU
2QUS,0,H1H3,C,2.0,GGAGCCCUGUCACCGGA
2QUS,0,H1H3,C,26.0,UCCGGUCUGAUGAGUCC
2QUS,0,H1H3,C,47.0,GGACAAAACAGGGCUCC
2ZJR,0,H1H2,C,17.0,GUCCACGGUGGAUGCC
2ZJR,0,H1H2,C,484.0,GGUGAAAAGAACCCC
2ZJR,0,H1H2,C,503.0,GGGGAGUGAAAGAGAACCUGAAACCGUGGAC
2ZJR,1,H1H2,A,31.0,CCCUGG
2ZJR,1,H1H2,A,456.0,CCGAUAGCGCAUAGUACC
2ZJR,1,H1H2,A,478.0,GGGAAAGG
2ZJR,10,H1H3,C,306.0,GCCGAAGU
2ZJR,10,H1H3,C,326.0,ACACCUCAGAAGG
2ZJR,10,H1H3,C,346.0,CCUGUAGGC
2ZJR,101,H1H2,B,2786.0,GACUCCCGG
2ZJR,101,H1H2,B,2802.0,CCGGGUUAAGAG
2ZJR,101,H1H2,B,2855.0,CUCAUCAGUC
2ZJR,106,H2H3,C,11.0,GCCCAUAGC
2ZJR,106,H2H3,C,69.0,GCGCC
2ZJR,106,H2H3,C,108.0,GGUCAGC
2ZJR,21,H1H2,B,691.0,CCAGGUGAGCUAA
2ZJR,21,H1H2,B,785.0,UUAGGAG
2ZJR,21,H1H2,B,799.0,CUAACCGAACCUGG
2ZJR,24,H2H3,B,709.0,ACCAGGU
2ZJR,24,H2H3,B,743.0,ACCGAACCG
2ZJR,24,H2H3,B,771.0,CGGAUGAGU
2ZJR,4,H1H2,A,53.0,GGACGC
2ZJR,4,H1H2,A,67.0,GCGAAAAGCCCCGA
2ZJR,4,H1H2,A,103.0,UCGGGGAUGUCC
2ZJR,41,H1H3,C,1063.0,CCAGGAGG
2ZJR,41,H1H3,C,1090.0,CCUUCAAAGAGUGC
2ZJR,41,H1H3,C,1110.0,GCUCACUGG
2ZJR,47,H1H3,A,1308.0,CGCCGUAAGGAC
2ZJR,47,H1H3,A,1638.0,GUCCGAGUG
2ZJR,47,H1H3,A,1653.0,CACUAAGGCG
2ZJR,49,H2H3,B,1322.0,GGGUUCCUGGG
2ZJR,49,H2H3,B,1346.0,CCCAGGGAAAGUCGGG
2ZJR,49,H2H3,B,1614.0,CCCGUACC
2ZJR,69,H1H3,C,1762.0,CGACUGUUUACCAAAAUCACAGCAC
2ZJR,69,H1H3,C,1816.0,GUGUGACGCC
2ZJR,69,H1H3,C,1955.0,GGCGUAACG
2ZJR,82,H2H3,A,2071.0,GCAUUGGGAUUCGGGUUUCU
2ZJR,82,H2H3,A,2165.0,AGAAACUUGGAUUUCUAACC
2ZJR,82,H2H3,A,2201.0,GGGACCGUGC
2ZJR,92,H1H2,C,2494.0,CGCAUCC
2ZJR,92,H1H2,C,2523.0,GGUUGGGC
2ZJR,92,H1H2,C,2536.0,GCCCAUUAAAGCG
3D2G,0,H1H2,B,3.0,GACCAGGG
3D2G,0,H1H2,B,36.0,CCCUUUGAACCU
3D2G,0,H1H2,B,68.0,AGGGAGUGUC
