pdb,Family,Coaxial,s1_id,s2_id,s3_id,sequence,dot_bracket
1J5E_001,A,red,584,647.0,750.0,GGCGGCCUG...CAGGCUAGAC...GUGACGCU,(((.(((((...)))))...((...))...)))
2AVY_29,A,red,585,647.0,748.0,GCGGUUUG...CAAGCUUGAGUC...GACUGACGC,((.(((((...)))))...((((...))))...))
1J5E_002,A,green,667,717.0,730.0,GGUGGUG...CGCCGAUGGCG...GGCAGCCACC,(((((((...).......(((...))).))))))
2AVY_32,A,green,667,708.0,731.0,GGGGGUAGAAUUCCAG...CUGGAGGAAUACCGGUGGC...GCGGCCCCC,((((((.....(((((...)))))............((...)).))))))
1J5E_003,A,red,823,853.0,866.0,GCGCUAGGUCU...GGGCCGAAGCU...CGCGUUAAGCGC,((((..(((((...)))))...(((...))).....))))
2AVY_35,A,red,821,855.0,867.0,GUCGACUUGGA...UCCGGAGC...GCGUUAAGUCGAC,((((((..(((...)))...((...)).....))))))
1J5E_004,A,red,1061,1103.0,1184.0,GUCGUCAGCUCG...CGAGCGCAACCCCC...GGGGACGACGUC,(((....(((((...))))).....((((...)))).....)))
2AVY_47,A,red,1059,1102.0,1186.0,CUGUCGUCAGCUCGU...ACGAGCGCAACCC...GGAUGACGUCAAG,((.......((((((...)))))).....((...)).........))
1S72_001,A,green,28,450.0,472.0,GCUCGG...CCGAUAGUGAACAAGUAGUG...AACGAACGC,((..((...))...............(((...)))....))
2AW4_5,A,green,31,444.0,467.0,CCCUGG...CCGAUAGUGAACCAGUACC...GGGAAAGG,((..((...))...............((...))....))
2ZJR_1,A,green,31,456.0,478.0,CCCUGG...CCGAUAGCGCAUAGUACC...GGGAAAGG,((..((...))..............((...))....))
1S72_002,A,green,50,64.0,102.0,GGACGU...GCGAUAAGCCAU...AUGGAUUUCC,((((((...))).....((((...))))...)))
2AW4_10,A,green,54,69.0,109.0,GGACG...CGAUAAGCG...CGAUUUCC,(((((...)).....((...))...)))
2ZJR_4,A,green,53,67.0,103.0,GGACGC...GCGAAAAGCCCCGA...UCGGGGAUGUCC,((((((...))).....((((((...))))))...)))
1S72_003,A,blue,1402,1697.0,1712.0,GCCUAAUGGAU...GUCCAUGGC...GCCAAGGC,(((....((((...))))..(((...)))..)))
2AW4_50,A,blue,1295,1622.0,1636.0,CGCCGGAAGACC...GGUCAGGUA...UACCAAGGCG,((((....((((...)))).((((...))))..))))
2ZJR_47,A,blue,1308,1638.0,1653.0,CGCCGUAAGGAC...GUCCGAGUG...CACUAAGGCG,((((....((((...)))).((((...))))..))))
1S72_004,A,green,1409,1679.0,1694.0,GGAUAAGG...CCGAGAACC...GGUGUCC,(((...((...)).....((...))..)))
1FG0_7,A,red,2129,2239.0,2254.0,UCGCUGAG...CUCUCACUC...GAGGACACCGA,(((..(((...)))...(((...))).....)))
2AW4_51,A,green,1303,1604.0,1619.0,GACCAAGG...CCCCAAACC...GGUGGUC,((((..((...)).....((...)).))))
1S72_006,A,green,2830,2844.0,2903.0,UCCCGCG...CGCGGUCGAUAG...CUAACAGA,(((((((...)))))....(((...)))...))
1S72_005,A,red,2129,2239.0,2254.0,UCGCUGAG...CUCUCACUC...GAGGACACCGA,(((..(((...)))...(((...))).....)))
2AW4_86,A,red,2087,2191.0,2222.0,GACACUGAACAU...AUGUUCUAACG...CGGACAGUGUC,(((((.((((((...))))))...((...))....)))))
2ZJR_82,A,red,2071,2165.0,2201.0,GCAUUGGGAUUCGGGUUUCU...AGAAACUUGGAUUUCUAACC...GGGACCGUGC,(((..(((((((((((((((...)))))))))))))))...((...)).....)))
2OIU_1,A,green,3,15.0,40.0,ACCUCGGC...GCCGUUC...GACAGGAGGU,((((((((...)))..((...))...)))))
1J5E_005,B,green,935,1342.0,1372.0,ACAAGCG...CGCUAGUAA...UGAAUACGU,((..(((...))).....(...)......))
1J5E_006,B,red,984,1043.0,1209.0,CCAGGCCUUGACAUG...CACAGG...CCUUACGGCCUGG,(((((((......((...))..((...))....)))))))
2AVY_40,B,red,984,1043.0,1209.0,CCUGGUCUUGACAUC...GACAGG...CCUUACGACCAGG,(((((((......((...))..((...))....)))))))
1J5E_007,B,blue,1001,1021.0,1032.0,AGGGAACC...GGGGUGCCC...GGGAGCCCU,((.....(...).....(((...)))....))
2AVY_42,B,blue,999,1021.0,1033.0,CACGGAAGUU...AAUGUGCC...GGAACCGUG,(((((...((...))....((...))..)))))
2ZJR_101,B,green,2786,2802.0,2855.0,GACUCCCGG...CCGGGUUAAGAG...CUCAUCAGUC,(((((((((...)))))....(((...)))...))))
2AW4_109,B,green,2811,2829.0,2880.0,GGAACGU...ACGUUGAUAG...CUAAUGAACC,((..(((...)))....(((...))).....))
1S72_007,B,red,789,821.0,851.0,CAAGA...UCUGUUAGAG...CUCGUG,(.(((...)))....(((...)))..)
2AW4_28,B,red,689,730.0,758.0,AGCCAUGGGCAGGU...ACCGAACCG...CGGAUGACUUGUGGCU,(((((((((..(((...)))...(((...)))....)))))))))
2ZJR_24,B,red,709,743.0,771.0,ACCAGGU...ACCGAACCG...CGGAUGAGU,((..(((...)))...(((...)))....))
1S72_008,B,red,1415,1439.0,1674.0,GGGUUCCUCAG...CUGAGGGUUAGCCGG...CCGUACC,((...((((((...))))))......(((...)))..))
2AW4_52,B,red,1309,1335.0,1599.0,GGGUUCCUG...CAGGGUGAGUCGA...UCGUACC,((...((((...))))......(((...)))..))
2ZJR_49,B,red,1322,1346.0,1614.0,GGGUUCCUGGG...CCCAGGGAAAGUCGGG...CCCGUACC,((...((((((...))))))......((((...))))..))
1S72_009,B,red,2327,2346.0,2366.0,AUCUCAGCCGGG...CCCGGCGAAGAG...CAAAAGAU,(((...((((((...)))))).....(...)....)))
1S72_012,B,green,772,862.0,879.0,GACGAUCUACGCA...UGCGUAGGGG...CCCAUCGAGUC,(((.....(((((...)))))...((...))......)))
2AW4_27,B,green,678,769.0,786.0,CCCGGUGAUCUAGCCA...UGGCUGGGGG...CCAAUCAAACCGGG,((((((...(((((((...))))))).((...))......))))))
2ZJR_21,B,green,691,785.0,799.0,CCAGGUGAGCUAA...UUAGGAG...CUAACCGAACCUGG,((((((...((((...)))).((...))......))))))
3D2G_0,B,green,3,36.0,68.0,GACCAGGG...CCCUUUGAACCU...AGGGAGUGUC,(((.((((...)))).....(((...)))....)))
2HOJ_0,B,green,9,48.0,80.0,GCGACUCGGG...CCCGUAUCACCU...AGGGAAGUCGC,((((((((((...)))).....(((...)))..))))))
1J5E_008,C,blue,46,357.0,393.0,GCCUAAGAC...GUUAGGAAUCU...AGC,(......((...))........(...).)
2AVY_3,C,blue,45,357.0,390.0,GGCCUAACAC...GUGGGGAAUAUUGCA...UGCAGCC,((.....(((...))).........(((...)))..))
1J5E_009,C,red,954,972.0,1219.0,GUUUAAUUCG...CGAAGAACCUUACCA...UGGGCGAC,((......((...))..........(((...)))...))
1J5E_010,C,green,1068,1081.0,1096.0,GCUCGUGCC...GGUGUUGGG...CCCGCAACGAGC,(((((((((...)))..((((...))))..))))))
1J5E_011,C,green,1113,1151.0,1173.0,CCCCGCCGUU...AACGGGACUGCCC...GGGAGGAAGGAGGGG,((((.(((((...))))).....(((...)))........))))
2AVY_49,C,green,1113,1149.0,1171.0,CCUUAUCCUUUG...CAAAGGAGACUGCCAGU...ACUGGAGGAAGGUGGGG,((...(((((((...))))))).....(((((...)))))..........))
1S72_010,C,green,27,479.0,500.0,UGC...GCUGCAAAGUACCC...GGAGGCGAAAUAGAGCA,(((...))..........((...))..............)
2AW4_21,C,green,16,473.0,493,CGUACACGGUGGAUGCC...GGCGAAAAGAACCCC...GGGGAGUGAAAAAGAACCUGAAACCGUGUACG,(((((((((......((...)).........((((...))))...................)))))))))
2ZJR_0,C,green,17,484.0,503,GUCCACGGUGGAUGCC...GGUGAAAAGAACCCC...GGGGAGUGAAAGAGAACCUGAAACCGUGGAC,((((((((......((...)).........((((...))))...................))))))))
1S72_011,C,blue,300,319.0,342.0,CGACGAAGUCUCU...AGAGCGUGAUACAGGG...CCCGUACUCG,(((......((((...)))).........(((...)))....)))
2AW4_18,C,blue,295,314.0,335.0,GUGGAAGCG...CGCGCGAUACAGGG...CCCGUACAC,(((...(((...)))........(((...)))...)))
2ZJR_10,C,blue,306,326.0,346.0,GCCGAAGU...ACACCUCAGAAGG...CCUGUAGGC,(((...((...))........(((...)))...)))
1S72_013,C,green,2550,2579.0,2593.0,UCCAUCC...GGUGAGG...CCUAUUAAAGGAG,(((..((...))..(((...)))......))))
2AW4_99,C,green,2515,2544.0,2557.0,CACAUCC...GGUAUGGC...GCCAUUUAAAGUG,(((..((...)).(((((...))))).....)))
2ZJR_92,C,green,2494,2523.0,2536.0,CGCAUCC...GGUUGGGC...GCCCAUUAAAGCG,(((..((...)).(((((...))))).....)))
1FG0_14,C,green,2548,2579.0,2593.0,CCUCCAUCC...GGUGAGG...CCUAUUAAAGGAGG,(((((..((...))..(((...)))......)))))
1S72_011,C,blue,300,319.0,342.0,CGACGAAGUCUCU...AGAGCGUGAUACAGGG...CCCGUACUCG,(((......((((...)))).........(((...)))....)))
2AW4_18,C,blue,295,314.0,335.0,GUGGAAGCG...CGCGCGAUACAGGG...CCCGUACAC,(((...(((...)))........(((...)))...)))
2ZJR_10,C,blue,306,326.0,346.0,GCCGAAGU...ACACCUCAGAAGG...CCUGUAGGC,(((...((...))........(((...)))...)))
1S72_013,C,green,2550,2579.0,2593.0,UCCAUCC...GGUGAGG...CCUAUUAAAGGAG,(((..((...))..(((...)))......))))
2AW4_99,C,green,2515,2544.0,2557.0,CACAUCC...GGUAUGGC...GCCAUUUAAAGUG,(((..((...)).(((((...))))).....)))
2ZJR_92,C,green,2494,2523.0,2536.0,CGCAUCC...GGUUGGGC...GCCCAUUAAAGCG,(((..((...)).(((((...))))).....)))
1FG0_14,C,green,2548,2579.0,2593.0,CCUCCAUCC...GGUGAGG...CCUAUUAAAGGAGG,(((((..((...))..(((...)))......)))))
1HC8_001,C,blue,102,129.0,149.0,CCAGGAUG...CAUUUAAAGAAAGC...GCUCACUGG,((((.(((...)))........(((...)))..))))
2AW4_44,C,blue,1052,1079.0,1099.0,CCAGGAUG...CAUUUAAAGAAAGC...GCUCACUGG,((((.(((...)))........(((...)))..))))
1S72_47,C,blue,1155,1184.0,1203.0,GCCGGGAG...CUCUAAGAAAAGC...GCUUACCGGC,(((((.((...))........(((...)))..)))))
1QA6_0,C,blue,102,129.0,149.0,CCAGGAUG...CAUUUAAAGAAAGC...GCUCACUGG,((((.(((...)))........(((...)))..))))
1MMS_0,C,blue,1051,1079.0,1099.0,GCUGGGAUG...CAUUUAAAGAGUGC...GCUCACCAGC,(((((.(((...))).........((...))...)))))
2ZJR_41,C,blue,1063,1090.0,1110.0,CCAGGAGG...CCUUCAAAGAGUGC...GCUCACUGG,((((.(((...))).........((...))...))))
1S72_68,C,green,1547,1564.0,1620.0,AUCACGCUGGG...CCCAGUCGAACCG...CGGCAUAGGGAAACGUGAU,(((((.(((((...))))).....(((...)))...........)))))
2ZJR_69,C,blue,1762,1816.0,1955.0,CGACUGUUUACCAAAAUCACAGCAC...GUGUGACGCC...GGCGUAACG,((....................(((...)))...((((...))))...))
1S72_014,C,red,4,66.0,106.0,GGCGGCCAUAGC...GCGUUCCGGG...CCCGGUUCGCCGCC,((((((....((...))...(((((...)))))...))))))
2AW4_0,C,red,2,67.0,105.0,GCCUGGCGGCCGUAGC...GCGCC...GGGAACUGCCAGGC,(((((((.......((...)).((...)).....)))))))
2ZJR_106,C,red,11,69.0,108.0,GCCCAUAGC...GCGCC...GGUCAGC,((.....((...)).((...))...))
1UN6_0,C,red,4,64.0,107.0,GCCGGCCACACC...GGGCC...GGUGCCGGC,((((((....((...)).((...)).))))))
1E8O_001,C,blue,101,117.0,140.0,GCCGGGCGCG...CGCGCCUGUAGUCCC...GGGAGGC,(((.((((((...)))))).....((((...)))))))
1MFQ_001,C,blue,125,166.0,219.0,GCAUCAA...UUGCCUAAGGGG...CCCGUGC,(((((((...)))......(((...)))))))
1LNG_0,C,blue,144,178.0,226.0,CGGUGGGGG...CCCCCUUUACCUGCC...GGCAGGACG,((..(((((...)))))....((((((...)))))).))
1GID_001,C,green,136,160.0,174.0,ACCAAGUC...GAUGGCC...GGGUAUGGU,(((..(((...)))..((...))....)))
1U8D_001,C,blue,15,39.0,71.0,GGACAUAUAAUCGCGUG...CACGCAAGUUCUACCGG...CCGACUAUGUCC,(((((((.....(((((...))))).........(((...)))..)))))))
1Y26_0,C,blue,15,43.0,67.0,CUUCAUAUAAUCC...GGAGUUUCUACCAAGAG...CUCUUGAUUAUGAAG,(((((((...(((...)))........((((((...))))))..)))))))
2EET_0,C,blue,16,39.0,70.0,GACAUGUAAUCGCGUG...CACGCAAGUUUCUACCGG...CCGACCAUGUC,((((((.....(((((...)))))..........(((...)))..))))))
1MME_001,C,blue,99999,99999.0,99999.0,CUGUCACCGGA...UCCGGUCUGAUGAGUCC...GGACGAAACAG,((((.((((((...)))))).......((((...))))...))))
2QUS_0,C,blue,2,26.0,47.0,GGAGCCCUGUCACCGGA...UCCGGUCUGAUGAGUCC...GGACAAAACAGGGCUCC,((((((((((.((((((...)))))).......((((...))))...))))))))))
2OEU_0,C,blue,1,11.0,32.0,GGAUGUACUA...CCAGCUGAUGAGUCC...GGACGAAACGCC,(((((.((((...)))).......((((...))))...)))))